ID,empatica_bvp,empatica_eda,empatica_temp,samsung_bvp,time,CL
4.0,-52.099999999999994,,,2246046.3333333335,1708758212.98375,0
4.0,-0.6233333333333331,0.544435,34.57,2244332.25,1708758213.12375,0
4.0,6.918888888888889,0.540592,34.57,2244847.0,1708758213.26375,0
4.0,3.204444444444444,,,2248438.0,1708758213.40375,0
4.0,-32.10444444444445,0.536748,34.57,2250604.3333333335,1708758213.54375,0
4.0,-78.79444444444445,,,2242993.75,1708758213.68375,0
4.0,-101.78555555555556,0.536748,34.57,2232612.3333333335,1708758213.82375,0
4.0,96.64111111111112,,,2232462.0,1708758213.96375,0
4.0,111.55,0.538029,34.57,2234302.3333333335,1708758214.10375,0
4.0,-0.7377777777777779,,,2244356.5,1708758214.24375,0
4.0,-42.66444444444445,0.548278,34.59,2257233.6666666665,1708758214.38375,0
4.0,-37.15444444444445,0.549559,34.59,2259015.25,1708758214.52375,0
4.0,-46.7,,,2251519.0,1708758214.66375,0
4.0,3.8022222222222215,0.55084,34.59,2252597.75,1708758214.80375,0
4.0,39.24777777777778,,,2253022.6666666665,1708758214.94375,0
4.0,34.03111111111111,0.55084,34.59,2256190.75,1708758215.08375,0
4.0,61.278888888888886,,,2259891.3333333335,1708758215.22375,0
4.0,26.144444444444446,0.55084,34.59,2265085.5,1708758215.36375,0
4.0,-30.485555555555557,0.549559,34.59,2262748.3333333335,1708758215.50375,0
4.0,-49.18111111111111,,,2254256.25,1708758215.64375,0
4.0,-72.84222222222223,0.549559,34.59,2252986.0,1708758215.78375,0
4.0,-46.352222222222224,,,2253482.0,1708758215.92375,0
4.0,52.75444444444445,0.546997,34.59,2258999.6666666665,1708758216.06375,0
4.0,47.12888888888889,,,2266693.75,1708758216.20375,0
4.0,42.207499999999996,0.543154,34.59,2273906.0,1708758216.34375,0
4.0,10.796666666666667,,,2268635.0,1708758216.48375,0
4.0,-34.10666666666666,0.522657,34.59,2269586.0,1708758216.62375,0
4.0,-65.92555555555555,0.521376,34.59,2273198.25,1708758216.76375,0
4.0,36.08555555555556,,,2280012.3333333335,1708758216.90375,0
4.0,74.47666666666667,0.529062,34.59,2290342.0,1708758217.04375,0
4.0,38.16666666666666,,,2303966.25,1708758217.18375,0
4.0,-15.791111111111112,0.5265,34.59,2317247.6666666665,1708758217.32375,0
4.0,-67.52333333333334,,,2317582.0,1708758217.46375,0
4.0,-80.61444444444446,0.5265,34.59,2318331.3333333335,1708758217.60375,0
4.0,12.2,,,2324092.0,1708758217.74375,0
4.0,74.90666666666665,0.525219,34.59,2328071.3333333335,1708758217.88375,0
4.0,54.11777777777778,0.521376,34.59,2332213.75,1708758218.02375,0
4.0,27.314444444444447,,,2337287.3333333335,1708758218.16375,0
4.0,-21.334444444444447,0.520095,34.59,2341508.25,1708758218.30375,0
4.0,-74.63888888888889,,,2335831.0,1708758218.44375,0
4.0,-47.64777777777778,0.518814,34.59,2329068.75,1708758218.58375,0
4.0,37.68333333333334,,,2329067.3333333335,1708758218.72375,0
4.0,28.393333333333334,0.521376,34.59,2338394.0,1708758218.86375,0
4.0,22.272222222222222,0.521376,34.59,2359252.25,1708758219.00375,0
4.0,-17.27111111111111,,,2371306.6666666665,1708758219.14375,0
4.0,-63.861111111111114,0.520095,34.61,2373109.25,1708758219.28375,0
4.0,15.067777777777776,,,2369757.3333333335,1708758219.42375,0
4.0,64.36666666666667,0.518814,34.61,2371962.25,1708758219.56375,0
4.0,53.06444444444445,,,2407428.6666666665,1708758219.70375,0
4.0,20.48875,0.516252,34.61,2397184.75,1708758219.84375,0
4.0,-37.43,,,2388323.6666666665,1708758219.98375,0
4.0,-79.41555555555557,0.516252,34.61,2395758.0,1708758220.12375,0
4.0,34.275555555555556,0.516252,34.59,2416547.3333333335,1708758220.26375,0
4.0,54.285555555555554,,,2435534.25,1708758220.40375,0
4.0,58.797777777777775,0.516252,34.59,2439264.6666666665,1708758220.54375,0
4.0,27.57888888888889,,,2446012.0,1708758220.68375,0
4.0,-18.683333333333334,0.518814,34.59,2452358.0,1708758220.82375,0
4.0,-69.51666666666668,,,2454769.0,1708758220.96375,0
4.0,-96.89888888888889,0.520095,34.59,2443055.0,1708758221.10375,0
4.0,24.846666666666664,,,2434648.25,1708758221.24375,0
4.0,52.291111111111114,0.520095,34.59,2427279.6666666665,1708758221.38375,0
4.0,55.882222222222225,0.518814,34.59,2422332.75,1708758221.52375,0
4.0,31.43777777777778,,,2421463.3333333335,1708758221.66375,0
4.0,-8.423333333333334,0.517533,34.59,2418006.25,1708758221.80375,0
4.0,-55.632222222222225,,,2404408.0,1708758221.94375,0
4.0,-100.42888888888888,0.516252,34.59,2400674.0,1708758222.08375,0
4.0,20.10777777777778,,,2400359.0,1708758222.22375,0
4.0,62.13000000000001,0.514971,34.61,2403002.5,1708758222.36375,0
4.0,71.77444444444444,0.517533,34.61,2409007.6666666665,1708758222.50375,0
4.0,41.52333333333333,,,2402531.0,1708758222.64375,0
4.0,-9.334444444444443,0.517533,34.61,2391693.0,1708758222.78375,0
4.0,-64.21111111111112,,,2389749.75,1708758222.92375,0
4.0,-52.03666666666666,0.522657,34.61,2390738.6666666665,1708758223.06375,0
4.0,42.489999999999995,,,2395967.25,1708758223.20375,0
4.0,46.91875,0.518814,34.59,2403277.6666666665,1708758223.34375,0
4.0,46.39555555555555,,,2411870.25,1708758223.48375,0
4.0,11.374444444444443,0.518814,34.59,2407913.6666666665,1708758223.62375,0
4.0,-34.922222222222224,0.518814,34.59,2399387.75,1708758223.76375,0
4.0,-87.01444444444445,,,2398237.3333333335,1708758223.90375,0
4.0,-38.98333333333333,0.521376,34.59,2398473.0,1708758224.04375,0
4.0,33.794444444444444,,,2401452.6666666665,1708758224.18375,0
4.0,41.92666666666667,0.521376,34.59,2405028.0,1708758224.32375,0
4.0,29.49444444444445,,,2410308.0,1708758224.46375,0
4.0,-6.603333333333333,0.523938,34.59,2411951.0,1708758224.60375,0
4.0,-45.742222222222225,,,2398741.5,1708758224.74375,0
4.0,-98.20888888888888,0.523938,34.59,2394805.6666666665,1708758224.88375,0
4.0,-34.068888888888885,0.522657,34.59,2395137.0,1708758225.02375,0
4.0,39.09111111111112,,,2398892.3333333335,1708758225.16375,0
4.0,48.284444444444446,0.522657,34.61,2406289.0,1708758225.30375,0
4.0,43.56444444444444,,,2415014.0,1708758225.44375,0
4.0,1.6622222222222232,0.521376,34.61,2408600.0,1708758225.58375,0
4.0,-51.77555555555555,,,2401602.3333333335,1708758225.72375,0
4.0,-61.67777777777777,0.520095,34.61,2401482.0,1708758225.86375,0
4.0,50.47222222222222,0.521376,34.61,2402914.0,1708758226.00375,0
4.0,60.81888888888889,,,2408094.5,1708758226.14375,0
4.0,47.58,0.521376,34.63,2413896.0,1708758226.28375,0
4.0,5.091111111111112,,,2418443.75,1708758226.42375,0
4.0,-50.82111111111111,0.522657,34.63,2408410.3333333335,1708758226.56375,0
4.0,-100.94777777777777,,,2403368.0,1708758226.70375,0
4.0,-3.0287500000000023,0.521376,34.63,2402911.3333333335,1708758226.84375,0
4.0,52.681111111111115,,,2405208.0,1708758226.98375,0
4.0,57.25222222222222,0.521376,34.63,2410082.0,1708758227.12375,0
4.0,37.044444444444444,0.521376,34.63,2415198.75,1708758227.26375,0
4.0,-9.434444444444445,,,2419400.0,1708758227.40375,0
4.0,-59.949999999999996,0.518814,34.63,2407134.5,1708758227.54375,0
4.0,-102.87888888888888,,,2400524.3333333335,1708758227.68375,0
4.0,14.055555555555555,0.521376,34.63,2401983.0,1708758227.82375,0
4.0,46.74777777777778,,,2407041.6666666665,1708758227.96375,0
4.0,53.27666666666667,0.520095,34.63,2408142.25,1708758228.10375,0
4.0,28.080000000000002,,,2411273.0,1708758228.24375,0
4.0,-20.133333333333336,0.518814,34.63,2401675.5,1708758228.38375,0
4.0,-81.31444444444443,0.520095,34.63,2390852.3333333335,1708758228.52375,0
4.0,-74.68555555555555,,,2391287.0,1708758228.66375,0
4.0,48.99111111111111,0.521376,34.63,2392936.0,1708758228.80375,0
4.0,59.08555555555555,,,2398061.0,1708758228.94375,0
4.0,57.97222222222222,0.520095,34.63,2404943.6666666665,1708758229.08375,0
4.0,25.784444444444446,,,2407082.0,1708758229.22375,0
4.0,-17.553333333333335,0.517533,34.63,2396018.3333333335,1708758229.36375,0
4.0,-79.05444444444444,0.516252,34.63,2393830.5,1708758229.50375,0
4.0,7.467777777777779,,,2394326.6666666665,1708758229.64375,0
4.0,53.61555555555556,0.517533,34.63,2398536.0,1708758229.78375,0
4.0,56.287777777777784,,,2404990.0,1708758229.92375,0
4.0,37.958888888888886,0.517533,34.63,2412100.25,1708758230.06375,0
4.0,-2.656666666666667,,,2409485.3333333335,1708758230.20375,0
4.0,-43.22125,0.516252,34.61,2399277.25,1708758230.34375,0
4.0,-95.14666666666666,,,2397223.6666666665,1708758230.48375,0
4.0,-54.276666666666664,0.517533,34.61,2396160.0,1708758230.62375,0
4.0,26.396666666666665,0.516252,34.61,2397736.6666666665,1708758230.76375,0
4.0,39.816666666666656,,,2401737.25,1708758230.90375,0
4.0,42.88222222222222,0.516252,34.61,2415130.3333333335,1708758231.04375,0
4.0,18.14,,,2428648.75,1708758231.18375,0
4.0,-16.811111111111114,0.514971,34.65,2443101.3333333335,1708758231.32375,0
4.0,-69.02222222222223,,,2453285.5,1708758231.46375,0
4.0,-43.105555555555554,0.514971,34.65,2460910.0,1708758231.60375,0
4.0,40.50555555555555,,,2472236.75,1708758231.74375,0
4.0,47.614444444444445,0.51369,34.65,2480453.6666666665,1708758231.88375,0
4.0,46.57555555555555,0.516252,34.65,2475969.5,1708758232.02375,0
4.0,18.694444444444443,,,2458984.3333333335,1708758232.16375,0
4.0,-20.794444444444444,0.516252,34.63,2449080.75,1708758232.30375,0
4.0,-69.47666666666666,,,2443032.6666666665,1708758232.44375,0
4.0,-37.78999999999999,0.516252,34.63,2441912.75,1708758232.58375,0
4.0,47.39888888888889,,,2444170.0,1708758232.72375,0
4.0,57.71333333333334,0.514971,34.63,2448157.25,1708758232.86375,0
4.0,51.99222222222222,0.508566,34.63,2451586.6666666665,1708758233.00375,0
4.0,-5.071111111111112,,,2438983.25,1708758233.14375,0
4.0,-41.59777777777778,0.503442,34.63,2431474.6666666665,1708758233.28375,0
4.0,-126.24666666666664,,,2428262.5,1708758233.42375,0
4.0,-171.53333333333333,0.516252,34.63,2427292.0,1708758233.56375,0
4.0,33.28555555555555,,,2429413.5,1708758233.70375,0
4.0,137.31875,0.512409,34.63,2432409.3333333335,1708758233.84375,0
4.0,131.73777777777775,,,2435550.25,1708758233.98375,0
4.0,75.13333333333334,0.512409,34.63,2425156.3333333335,1708758234.12375,0
4.0,39.90555555555555,0.512409,34.63,2417777.75,1708758234.26375,0
4.0,-29.238888888888887,,,2415305.0,1708758234.40375,0
4.0,-57.96,0.514971,34.63,2415798.0,1708758234.54375,0
4.0,2.473333333333334,,,2420243.3333333335,1708758234.68375,0
4.0,11.037777777777778,0.514971,34.63,2425696.25,1708758234.82375,0
4.0,-0.1622222222222217,,,2432303.3333333335,1708758234.96375,0
4.0,-31.09777777777778,0.514971,34.63,2424731.25,1708758235.10375,0
4.0,-68.91111111111111,,,2419360.3333333335,1708758235.24375,0
4.0,-79.99666666666667,0.512409,34.63,2428802.25,1708758235.38375,0
4.0,6.720000000000001,0.511128,34.63,2446046.3333333335,1708758235.52375,0
4.0,20.18444444444445,,,2455065.25,1708758235.66375,0
4.0,22.18,0.511128,34.63,2459277.0,1708758235.80375,0
4.0,-8.665555555555555,,,2457696.25,1708758235.94375,0
4.0,-53.29888888888889,0.512409,34.63,2445477.6666666665,1708758236.08375,0
4.0,-95.33999999999999,,,2438161.75,1708758236.22375,0
4.0,-23.4,0.511128,34.63,2439607.0,1708758236.36375,0
4.0,49.68111111111111,0.508566,34.63,2439573.0,1708758236.50375,0
4.0,62.686666666666675,,,2429682.0,1708758236.64375,0
4.0,58.81000000000001,0.508566,34.63,2422036.0,1708758236.78375,0
4.0,10.552222222222222,,,2418593.3333333335,1708758236.92375,0
4.0,-49.221111111111114,0.506004,34.63,2406522.0,1708758237.06375,0
4.0,-87.88666666666667,,,2389101.6666666665,1708758237.20375,0
4.0,-5.129999999999999,0.504723,34.63,2377324.5,1708758237.34375,0
4.0,43.419999999999995,,,2369107.3333333335,1708758237.48375,0
4.0,51.97333333333333,0.504723,34.63,2366863.5,1708758237.62375,0
4.0,34.49555555555556,0.504723,34.63,2381965.0,1708758237.76375,0
4.0,1.3966666666666663,,,2398588.75,1708758237.90375,0
4.0,-43.49444444444444,0.506004,34.63,2404343.0,1708758238.04375,0
4.0,-13.926666666666668,,,2412721.5,1708758238.18375,0
4.0,45.08666666666667,0.507285,34.63,2418092.3333333335,1708758238.32375,0
4.0,49.64111111111111,,,2426133.75,1708758238.46375,0
4.0,29.54222222222222,0.508566,34.63,2434919.6666666665,1708758238.60375,0
4.0,2.735555555555555,,,2442290.0,1708758238.74375,0
4.0,-22.884444444444444,0.508566,34.63,2432735.0,1708758238.88375,0
4.0,-58.953333333333326,0.506004,34.63,2427477.0,1708758239.02375,0
4.0,9.706666666666667,,,2425927.3333333335,1708758239.16375,0
4.0,45.31888888888889,0.521376,34.65,2425853.0,1708758239.30375,0
4.0,34.617777777777775,,,2428040.3333333335,1708758239.44375,0
4.0,-1.0866666666666671,0.51369,34.65,2432430.5,1708758239.58375,0
4.0,-80.58333333333333,,,2431507.0,1708758239.72375,0
4.0,-202.24444444444447,0.484227,34.65,2416038.25,1708758239.86375,0
4.0,-158.08777777777777,0.489351,34.65,2409961.0,1708758240.00375,0
4.0,68.81222222222222,,,2406102.75,1708758240.14375,0
4.0,71.09333333333333,0.48807,34.65,2406889.6666666665,1708758240.28375,0
4.0,77.1588888888889,,,2410087.5,1708758240.42375,0
4.0,61.32333333333333,0.486789,34.65,2412029.3333333335,1708758240.56375,0
4.0,14.766666666666667,,,2399180.75,1708758240.70375,0
4.0,-49.364999999999995,0.50088,34.65,2393245.6666666665,1708758240.84375,0
4.0,45.46888888888889,,,2392490.0,1708758240.98375,0
4.0,182.3011111111111,0.5265,34.65,2395507.6666666665,1708758241.12375,0
4.0,189.39666666666668,0.540592,34.63,2402020.25,1708758241.26375,0
4.0,71.66333333333334,,,2409645.3333333335,1708758241.40375,0
4.0,-111.70333333333333,0.540592,34.63,2409705.75,1708758241.54375,0
4.0,-167.15555555555554,,,2396048.3333333335,1708758241.68375,0
4.0,-40.92222222222222,0.538029,34.63,2392725.75,1708758241.82375,0
4.0,45.27111111111111,,,2393681.0,1708758241.96375,0
4.0,73.9877777777778,0.536748,34.63,2400138.75,1708758242.10375,0
4.0,42.916666666666664,,,2407298.0,1708758242.24375,0
4.0,-17.12333333333333,0.539311,34.65,2405905.25,1708758242.38375,0
4.0,-18.192222222222224,0.538029,34.65,2406459.3333333335,1708758242.52375,0
4.0,32.95111111111111,,,2406879.0,1708758242.66375,0
4.0,27.545555555555556,0.544435,34.65,2389116.3333333335,1708758242.80375,0
4.0,15.100000000000003,,,2420744.75,1708758242.94375,0
4.0,-17.186666666666667,0.549559,34.65,2456170.3333333335,1708758243.08375,0
4.0,-56.84111111111112,,,2479543.0,1708758243.22375,0
4.0,6.1688888888888895,0.553402,34.65,2495019.0,1708758243.36375,0
4.0,32.81888888888889,0.557245,34.65,2507253.25,1708758243.50375,0
4.0,15.841111111111111,,,2546262.0,1708758243.64375,0
4.0,-11.826666666666666,0.555964,34.65,2576597.25,1708758243.78375,0
4.0,-55.49333333333333,,,2607043.6666666665,1708758243.92375,0
4.0,-25.17888888888889,0.558526,34.65,2646763.5,1708758244.06375,0
4.0,26.772222222222222,,,2668708.3333333335,1708758244.20375,0
4.0,22.8375,0.559807,34.66,2680849.75,1708758244.34375,0
4.0,5.176666666666667,,,2692584.3333333335,1708758244.48375,0
4.0,-28.357777777777777,0.558526,34.66,2703413.25,1708758244.62375,0
4.0,-59.09,0.557245,34.66,2721480.0,1708758244.76375,0
4.0,5.298888888888887,,,2740316.0,1708758244.90375,0
4.0,25.450000000000003,0.557245,34.66,2754605.0,1708758245.04375,0
4.0,18.37888888888889,,,2762063.3333333335,1708758245.18375,0
4.0,-0.05666666666666684,0.552121,34.65,2771297.5,1708758245.32375,0
4.0,-29.557777777777776,,,2782881.75,1708758245.46375,0
4.0,-61.15222222222222,0.55084,34.65,2793589.0,1708758245.60375,0
4.0,-57.01111111111111,,,2803857.5,1708758245.74375,0
4.0,21.878888888888884,0.549559,34.65,2815440.6666666665,1708758245.88375,0
4.0,28.436666666666667,0.55084,34.65,2826689.75,1708758246.02375,0
4.0,25.53222222222222,,,2836380.0,1708758246.16375,0
4.0,0.4055555555555556,0.549559,34.65,2844541.0,1708758246.30375,0
4.0,-32.78333333333333,,,2853125.3333333335,1708758246.44375,0
4.0,-64.98222222222222,0.548278,34.65,2860691.0,1708758246.58375,0
4.0,-8.486666666666668,,,2868074.6666666665,1708758246.72375,0
4.0,33.30555555555556,0.548278,34.65,2874837.0,1708758246.86375,0
4.0,26.19222222222222,0.549559,34.65,2882664.25,1708758247.00375,0
4.0,4.385555555555555,,,2891043.5,1708758247.14375,0
4.0,-31.09222222222222,0.552121,34.65,2897887.0,1708758247.28375,0
4.0,-53.0488888888889,,,2904375.75,1708758247.42375,0
4.0,24.514444444444443,0.552121,34.65,2911112.0,1708758247.56375,0
4.0,32.08444444444444,,,2918262.0,1708758247.70375,0
4.0,21.96375,0.554683,34.65,2925087.6666666665,1708758247.84375,0
4.0,-2.7500000000000004,,,2930399.6666666665,1708758247.98375,0
4.0,-37.73777777777778,0.553402,34.65,2935838.25,1708758248.12375,0
4.0,-42.437777777777775,0.552121,34.65,2942565.0,1708758248.26375,0
4.0,37.669999999999995,,,2949024.6666666665,1708758248.40375,0
4.0,42.018888888888895,0.549559,34.65,2954317.75,1708758248.54375,0
4.0,24.666666666666668,,,2956769.0,1708758248.68375,0
4.0,-7.697777777777778,0.55084,34.65,2960411.5,1708758248.82375,0
4.0,-49.488888888888894,,,2964442.6666666665,1708758248.96375,0
4.0,-37.666666666666664,0.548278,34.65,2967649.25,1708758249.10375,0
4.0,38.95444444444445,,,2971804.3333333335,1708758249.24375,0
4.0,27.59111111111111,0.55084,34.65,2975528.0,1708758249.38375,0
4.0,14.599999999999998,0.552121,34.65,2978916.6666666665,1708758249.52375,0
4.0,-24.529999999999998,,,2981653.25,1708758249.66375,0
4.0,-56.47666666666666,0.552121,34.65,2984977.0,1708758249.80375,0
4.0,25.023333333333333,,,2988461.5,1708758249.94375,0
4.0,33.60222222222223,0.552121,34.65,2991114.6666666665,1708758250.08375,0
4.0,16.71111111111111,,,2994815.75,1708758250.22375,0
4.0,-18.26888888888889,0.549559,34.65,2996691.3333333335,1708758250.36375,0
4.0,-61.53888888888889,0.548278,34.65,2998259.25,1708758250.50375,0
4.0,13.478888888888886,,,2999057.0,1708758250.64375,0
4.0,32.49444444444444,0.548278,34.65,3000480.5,1708758250.78375,0
4.0,18.63,,,3002193.3333333335,1708758250.92375,0
4.0,-6.96,0.549559,34.65,3005918.25,1708758251.06375,0
4.0,-56.242222222222225,,,3009909.6666666665,1708758251.20375,0
4.0,-13.436250000000001,0.55084,34.65,3012512.0,1708758251.34375,0
4.0,45.18222222222222,,,3014543.6666666665,1708758251.48375,0
4.0,30.803333333333335,0.55084,34.65,3016661.5,1708758251.62375,0
4.0,11.44111111111111,0.549559,34.65,3019674.6666666665,1708758251.76375,0
4.0,-32.48222222222223,,,3022925.75,1708758251.90375,0
4.0,-51.25555555555555,0.546997,34.65,3025911.0,1708758252.04375,0
4.0,43.39555555555555,,,3029077.5,1708758252.18375,0
4.0,41.23222222222223,0.546997,34.66,3031562.6666666665,1708758252.32375,0
4.0,28.41888888888889,,,3034127.0,1708758252.46375,0
4.0,-6.415555555555556,0.545716,34.66,3036680.6666666665,1708758252.60375,0
4.0,-57.33222222222222,,,3039307.0,1708758252.74375,0
4.0,-23.10777777777778,0.546997,34.66,3042348.75,1708758252.88375,0
4.0,49.75777777777777,0.546997,34.66,3045036.0,1708758253.02375,0
4.0,40.312222222222225,,,3047746.75,1708758253.16375,0
4.0,30.44111111111111,0.548278,34.65,3049920.0,1708758253.30375,0
4.0,-6.3244444444444445,,,3052028.75,1708758253.44375,0
4.0,-48.690000000000005,0.545716,34.65,3054531.6666666665,1708758253.58375,0
4.0,-85.30222222222223,,,3057388.75,1708758253.72375,0
4.0,14.44111111111111,0.544435,34.65,3059989.6666666665,1708758253.86375,0
4.0,41.16111111111111,0.545716,34.65,3062632.25,1708758254.00375,0
4.0,35.03111111111111,,,3065095.3333333335,1708758254.14375,0
4.0,13.116666666666667,0.544435,34.65,3067770.25,1708758254.28375,0
4.0,-26.717777777777776,,,3069926.3333333335,1708758254.42375,0
4.0,-68.47999999999999,0.544435,34.65,3071860.0,1708758254.56375,0
4.0,-21.45555555555556,,,3074045.6666666665,1708758254.70375,0
4.0,50.86874999999999,0.545716,34.65,3076445.0,1708758254.84375,0
4.0,40.36333333333333,,,3078909.6666666665,1708758254.98375,0
4.0,34.02333333333333,0.543154,34.65,3080918.0,1708758255.12375,0
4.0,-0.3877777777777776,0.540592,34.65,3082830.3333333335,1708758255.26375,0
4.0,-44.72888888888889,,,3084434.75,1708758255.40375,0
4.0,-74.96777777777777,0.541873,34.65,3085889.0,1708758255.54375,0
4.0,30.643333333333334,,,3087425.25,1708758255.68375,0
4.0,50.894444444444446,0.540592,34.65,3088756.3333333335,1708758255.82375,0
4.0,42.74333333333334,,,3090211.5,1708758255.96375,0
4.0,16.993333333333336,0.540592,34.65,3092230.6666666665,1708758256.10375,0
4.0,-23.805555555555554,,,3094111.5,1708758256.24375,0
4.0,-66.86,0.541873,34.65,3095556.6666666665,1708758256.38375,0
4.0,-53.58,0.540592,34.65,3097549.25,1708758256.52375,0
4.0,40.92444444444445,,,3099737.6666666665,1708758256.66375,0
4.0,35.63666666666667,0.540592,34.65,3101827.75,1708758256.80375,0
4.0,29.5,,,3103770.6666666665,1708758256.94375,0
4.0,0.1899999999999997,0.538029,34.65,3105465.0,1708758257.08375,0
4.0,-39.79666666666667,,,3106921.0,1708758257.22375,0
4.0,-74.66222222222223,0.538029,34.65,3108460.0,1708758257.36375,0
4.0,18.60222222222222,0.538029,34.65,3110141.25,1708758257.50375,0
4.0,42.99777777777778,,,3111931.0,1708758257.64375,0
4.0,37.912222222222226,0.539311,34.65,3113613.25,1708758257.78375,0
4.0,10.94222222222222,,,3114996.6666666665,1708758257.92375,0
4.0,-38.12111111111111,0.539311,34.65,3116032.75,1708758258.06375,0
4.0,-66.73333333333332,,,3117368.3333333335,1708758258.20375,0
4.0,32.49625,0.539311,34.65,3118556.0,1708758258.34375,0
4.0,48.42,,,3119999.6666666665,1708758258.48375,0
4.0,42.50333333333334,0.536748,34.65,3120895.0,1708758258.62375,0
4.0,14.111111111111109,0.535467,34.65,3121917.0,1708758258.76375,0
4.0,-33.16,,,3122677.0,1708758258.90375,0
4.0,-82.89888888888889,0.536748,34.65,3123706.6666666665,1708758259.04375,0
4.0,-19.905555555555555,,,3124910.5,1708758259.18375,0
4.0,48.41777777777778,0.535467,34.66,3126417.6666666665,1708758259.32375,0
4.0,47.242222222222225,,,3127756.25,1708758259.46375,0
4.0,39.05111111111111,0.536748,34.66,3128826.3333333335,1708758259.60375,0
4.0,5.091111111111111,,,3130115.0,1708758259.74375,0
4.0,-35.86333333333333,0.536748,34.66,3131552.3333333335,1708758259.88375,0
4.0,-80.86111111111111,0.535467,34.66,3132588.75,1708758260.02375,0
4.0,-7.687777777777779,,,3133594.0,1708758260.16375,0
4.0,48.90555555555555,0.532905,34.65,3134619.25,1708758260.30375,0
4.0,43.71,,,3135773.6666666665,1708758260.44375,0
4.0,29.234444444444446,0.532905,34.65,3136660.5,1708758260.58375,0
4.0,-8.222222222222221,,,3137661.6666666665,1708758260.72375,0
4.0,-50.794444444444444,0.531624,34.65,3138385.25,1708758260.86375,0
4.0,-67.36999999999999,0.532905,34.65,3139569.6666666665,1708758261.00375,0
4.0,40.07,,,3140349.75,1708758261.14375,0
4.0,45.312222222222225,0.532905,34.66,3141585.6666666665,1708758261.28375,0
4.0,41.849999999999994,,,3142429.5,1708758261.42375,0
4.0,13.898888888888889,0.534186,34.66,3143367.3333333335,1708758261.56375,0
4.0,-27.254444444444445,,,3143919.75,1708758261.70375,0
4.0,-69.225,0.534186,34.66,3144853.3333333335,1708758261.84375,0
4.0,-76.91777777777777,,,3145949.0,1708758261.98375,0
4.0,37.07444444444444,0.532905,34.66,3146634.3333333335,1708758262.12375,0
4.0,55.50222222222223,0.532905,34.66,3147696.5,1708758262.26375,0
4.0,55.11555555555557,,,3149020.0,1708758262.40375,0
4.0,27.484444444444446,0.532905,34.66,3150143.5,1708758262.54375,0
4.0,-10.432222222222222,,,3151197.0,1708758262.68375,0
4.0,-46.98111111111111,0.535467,34.66,3152157.0,1708758262.82375,0
4.0,-74.7011111111111,,,3153246.6666666665,1708758262.96375,0
4.0,25.22888888888889,0.534186,34.66,3154357.75,1708758263.10375,0
4.0,44.64666666666667,,,3155133.0,1708758263.24375,0
4.0,40.38444444444443,0.535467,34.66,3155944.25,1708758263.38375,0
4.0,17.315555555555555,0.532905,34.66,3156364.0,1708758263.52375,0
4.0,-20.772222222222226,,,3158034.25,1708758263.66375,0
4.0,-58.11222222222222,0.532905,34.66,3158634.3333333335,1708758263.80375,0
4.0,-64.60444444444444,,,3159357.25,1708758263.94375,0
4.0,33.345555555555556,0.532905,34.66,3160048.0,1708758264.08375,0
4.0,35.99777777777777,,,3160842.75,1708758264.22375,0
4.0,33.346666666666664,0.532905,34.65,3161557.6666666665,1708758264.36375,0
4.0,-1.4911111111111113,0.532905,34.65,3161895.75,1708758264.50375,0
4.0,-45.24,,,3162718.6666666665,1708758264.64375,0
4.0,-70.92777777777776,0.531624,34.65,3163418.75,1708758264.78375,0
4.0,27.698888888888888,,,3164216.3333333335,1708758264.92375,0
4.0,43.60555555555556,0.531624,34.65,3165100.5,1708758265.06375,0
4.0,39.41111111111111,,,3165496.3333333335,1708758265.20375,0
4.0,17.15125,0.531624,34.66,3166024.25,1708758265.34375,0
4.0,-18.88666666666667,,,3166528.6666666665,1708758265.48375,0
4.0,-64.12333333333333,0.527781,34.66,3167065.5,1708758265.62375,0
4.0,-70.92,0.529062,34.66,3167533.6666666665,1708758265.76375,0
4.0,36.181111111111115,,,3168582.0,1708758265.90375,0
4.0,43.40555555555556,0.530343,34.66,3169428.0,1708758266.04375,0
4.0,33.651111111111106,,,3170518.25,1708758266.18375,0
4.0,-1.2333333333333338,0.529062,34.66,3171228.0,1708758266.32375,0
4.0,-48.69555555555556,,,3172100.25,1708758266.46375,0
4.0,-100.01333333333334,0.529062,34.66,3172483.0,1708758266.60375,0
4.0,-88.04888888888888,,,3173044.0,1708758266.74375,0
4.0,82.29777777777778,0.525219,34.66,3173668.0,1708758266.88375,0
4.0,106.63,0.5265,34.66,3174338.5,1708758267.02375,0
4.0,84.99555555555555,,,3175214.6666666665,1708758267.16375,0
4.0,39.04555555555555,0.523938,34.68,3175544.75,1708758267.30375,0
4.0,-1.8666666666666667,,,3176064.3333333335,1708758267.44375,0
4.0,-37.771111111111104,0.525219,34.68,3176802.0,1708758267.58375,0
4.0,54.87777777777778,,,3177438.0,1708758267.72375,0
4.0,59.221111111111114,0.5265,34.68,3178171.25,1708758267.86375,0
4.0,42.34777777777777,0.5265,34.68,3178465.6666666665,1708758268.00375,0
4.0,0.6999999999999997,,,3179502.25,1708758268.14375,0
4.0,-53.33888888888889,0.527781,34.71,3179578.3333333335,1708758268.28375,0
4.0,-94.9811111111111,,,3180048.25,1708758268.42375,0
4.0,2.5522222222222206,0.525219,34.71,3181769.3333333335,1708758268.56375,0
4.0,35.65222222222223,,,3186538.6666666665,1708758268.70375,0
4.0,36.9025,0.523938,34.71,3193752.75,1708758268.84375,0
4.0,16.32888888888889,,,3199035.0,1708758268.98375,0
4.0,-28.554444444444446,0.5265,34.71,3196931.25,1708758269.12375,0
4.0,-69.71,0.5265,34.66,3194084.6666666665,1708758269.26375,0
4.0,-78.92555555555556,,,3192491.75,1708758269.40375,0
4.0,23.159999999999997,0.529062,34.66,3192685.3333333335,1708758269.54375,0
4.0,33.14777777777778,,,3193679.25,1708758269.68375,0
4.0,32.19888888888889,0.527781,34.66,3190605.3333333335,1708758269.82375,0
4.0,0.7199999999999996,,,3189894.5,1708758269.96375,0
4.0,-46.27777777777778,0.529062,34.66,3191075.25,1708758270.10375,0
4.0,-73.74444444444445,,,3193041.6666666665,1708758270.24375,0
4.0,37.92666666666666,0.529062,34.68,3194349.6666666665,1708758270.38375,0
4.0,53.011111111111106,0.527781,34.68,3194387.75,1708758270.52375,0
4.0,39.736666666666665,,,3195530.75,1708758270.66375,0
4.0,9.447777777777777,0.5265,34.68,3195939.3333333335,1708758270.80375,0
4.0,-37.43,,,3198790.75,1708758270.94375,0
4.0,-80.8311111111111,0.529062,34.68,3200185.6666666665,1708758271.08375,0
4.0,-4.985555555555556,,,3201285.5,1708758271.22375,0
4.0,52.74333333333333,0.529062,34.68,3204296.6666666665,1708758271.36375,0
4.0,46.00333333333334,0.527781,34.68,3204928.0,1708758271.50375,0
4.0,30.716666666666665,,,3205189.25,1708758271.64375,0
4.0,-10.788888888888888,0.527781,34.68,3206936.25,1708758271.78375,0
4.0,-54.22777777777778,,,3207102.0,1708758271.92375,0
4.0,-76.23333333333332,0.525219,34.68,3205833.3333333335,1708758272.06375,0
4.0,34.504444444444445,,,3207023.0,1708758272.20375,0
4.0,47.81125,0.522657,34.68,3208896.0,1708758272.34375,0
4.0,39.02555555555555,,,3209831.0,1708758272.48375,0
4.0,16.61888888888889,0.521376,34.68,3211285.6666666665,1708758272.62375,0
4.0,-24.98888888888889,0.522657,34.68,3212674.25,1708758272.76375,0
4.0,-65.04666666666667,,,3213792.0,1708758272.90375,0
4.0,-32.37777777777777,0.522657,34.68,3214706.5,1708758273.04375,0
4.0,50.25666666666667,,,3215616.0,1708758273.18375,0
4.0,40.60222222222222,0.522657,34.68,3215739.25,1708758273.32375,0
4.0,29.127777777777776,,,3216502.0,1708758273.46375,0
4.0,-7.485555555555554,0.521376,34.68,3217518.75,1708758273.60375,0
4.0,-54.32,,,3217718.0,1708758273.74375,0
4.0,-80.65666666666667,0.521376,34.68,3218326.5,1708758273.88375,0
4.0,32.24777777777778,0.518814,34.68,3218867.6666666665,1708758274.02375,0
4.0,48.813333333333325,,,3219516.75,1708758274.16375,0
4.0,44.22888888888889,0.517533,34.68,3220213.6666666665,1708758274.30375,0
4.0,18.070000000000004,,,3220815.75,1708758274.44375,0
4.0,-27.163333333333338,0.517533,34.68,3221317.6666666665,1708758274.58375,0
4.0,-73.99333333333333,,,3221736.25,1708758274.72375,0
4.0,-37.327777777777776,0.517533,34.68,3221471.6666666665,1708758274.86375,0
4.0,45.78666666666667,0.518814,34.68,3222089.25,1708758275.00375,0
4.0,45.41222222222221,,,3222752.0,1708758275.14375,0
4.0,38.15222222222222,0.518814,34.66,3223477.5,1708758275.28375,0
4.0,4.057777777777777,,,3223847.0,1708758275.42375,0
4.0,-40.26222222222222,0.518814,34.66,3224790.75,1708758275.56375,0
4.0,-82.28222222222223,,,3224770.0,1708758275.70375,0
4.0,4.009999999999998,0.516252,34.66,3225435.0,1708758275.84375,0
4.0,46.156666666666666,,,3225563.6666666665,1708758275.98375,0
4.0,36.87444444444444,0.514971,34.66,3226338.5,1708758276.12375,0
4.0,21.324444444444442,0.516252,34.68,3226785.0,1708758276.26375,0
4.0,-23.182222222222222,,,3227633.5,1708758276.40375,0
4.0,-71.04,0.517533,34.68,3227945.0,1708758276.54375,0
4.0,-12.09,,,3228369.0,1708758276.68375,0
4.0,51.47333333333333,0.521376,34.68,3228678.6666666665,1708758276.82375,0
4.0,42.02,,,3229070.5,1708758276.96375,0
4.0,24.929999999999996,0.523938,34.68,3229743.0,1708758277.10375,0
4.0,-18.414444444444445,,,3230475.5,1708758277.24375,0
4.0,-62.690000000000005,0.527781,34.71,3230585.6666666665,1708758277.38375,0
4.0,-67.39111111111112,0.529062,34.71,3230922.5,1708758277.52375,0
4.0,42.15888888888888,,,3231696.6666666665,1708758277.66375,0
4.0,52.382222222222225,0.527781,34.71,3232106.75,1708758277.80375,0
4.0,47.532222222222224,,,3232866.3333333335,1708758277.94375,0
4.0,13.04,0.531624,34.71,3233119.75,1708758278.08375,0
4.0,-34.83444444444444,,,3233539.0,1708758278.22375,0
4.0,-86.58777777777777,0.529062,34.68,3233624.25,1708758278.36375,0
4.0,-15.73444444444445,0.530343,34.68,3234290.6666666665,1708758278.50375,0
4.0,55.31666666666667,,,3234902.5,1708758278.64375,0
4.0,53.80111111111111,0.531624,34.68,3235072.0,1708758278.78375,0
4.0,35.818888888888885,,,3235409.25,1708758278.92375,0
4.0,-9.871111111111112,0.530343,34.68,3236051.6666666665,1708758279.06375,0
4.0,-56.71222222222222,,,3236464.0,1708758279.20375,0
4.0,-82.18249999999999,0.529062,34.68,3236473.6666666665,1708758279.34375,0
4.0,32.27222222222222,,,3237284.5,1708758279.48375,0
4.0,53.724444444444444,0.5265,34.68,3237250.6666666665,1708758279.62375,0
4.0,49.82111111111111,0.525219,34.68,3237754.75,1708758279.76375,0
4.0,20.70111111111111,,,3238268.6666666665,1708758279.90375,0
4.0,-22.018888888888892,0.525219,34.68,3238344.0,1708758280.04375,0
4.0,-73.06333333333333,,,3238497.3333333335,1708758280.18375,0
4.0,-61.9188888888889,0.5265,34.66,3239080.25,1708758280.32375,0
4.0,48.423333333333325,,,3239429.6666666665,1708758280.46375,0
4.0,59.30777777777777,0.5265,34.66,3239719.25,1708758280.60375,0
4.0,51.632222222222225,,,3239654.6666666665,1708758280.74375,0
4.0,21.745555555555555,0.5265,34.66,3240066.5,1708758280.88375,0
4.0,-16.328888888888887,0.5265,34.66,3240390.0,1708758281.02375,0
4.0,-61.66444444444445,,,3240340.75,1708758281.16375,0
4.0,-93.27111111111111,0.523938,34.68,3240884.3333333335,1708758281.30375,0
4.0,26.977777777777778,,,3240998.5,1708758281.44375,0
4.0,55.44777777777777,0.521376,34.68,3241518.3333333335,1708758281.58375,0
4.0,55.54555555555556,,,3241829.0,1708758281.72375,0
4.0,33.260000000000005,0.521376,34.68,3242042.6666666665,1708758281.86375,0
4.0,-3.042222222222222,0.522657,34.68,3242396.25,1708758282.00375,0
4.0,-44.33111111111111,,,3242436.6666666665,1708758282.14375,0
4.0,-83.36888888888889,0.525219,34.68,3242830.5,1708758282.28375,0
4.0,14.628888888888888,,,3242982.0,1708758282.42375,0
4.0,48.02777777777778,0.5265,34.68,3243412.25,1708758282.56375,0
4.0,38.52333333333334,,,3243684.6666666665,1708758282.70375,0
4.0,14.86375,0.5265,34.68,3243775.5,1708758282.84375,0
4.0,-23.68111111111111,,,3244102.0,1708758282.98375,0
4.0,-65.55555555555556,0.523938,34.68,3244315.75,1708758283.12375,0
4.0,-45.67888888888889,0.523938,34.68,3244788.0,1708758283.26375,0
4.0,46.73444444444445,,,3245224.5,1708758283.40375,0
4.0,49.666666666666664,0.525219,34.68,3245259.6666666665,1708758283.54375,0
4.0,40.861111111111114,,,3245405.25,1708758283.68375,0
4.0,0.9044444444444442,0.527781,34.68,3245888.0,1708758283.82375,0
4.0,-42.394444444444446,,,3246226.25,1708758283.96375,0
4.0,-86.83444444444444,0.527781,34.68,3246221.0,1708758284.10375,0
4.0,-39.78,,,3246407.25,1708758284.24375,0
4.0,49.49111111111112,0.5265,34.68,3246699.6666666665,1708758284.38375,0
4.0,52.68888888888889,0.525219,34.68,3247021.25,1708758284.52375,0
4.0,39.82555555555555,,,3247416.0,1708758284.66375,0
4.0,4.725555555555555,0.525219,34.68,3247918.5,1708758284.80375,0
4.0,-31.817777777777774,,,3248207.0,1708758284.94375,0
4.0,-71.57666666666667,0.525219,34.68,3248470.0,1708758285.08375,0
4.0,-28.88333333333334,,,3248620.0,1708758285.22375,0
4.0,44.327777777777776,0.5265,34.68,3248983.5,1708758285.36375,0
4.0,43.62,0.5265,34.68,3249197.3333333335,1708758285.50375,0
4.0,33.40555555555555,,,3250049.5,1708758285.64375,0
4.0,-5.307777777777779,0.527781,34.68,3249983.3333333335,1708758285.78375,0
4.0,-46.80222222222223,,,3250350.0,1708758285.92375,0
4.0,-57.29555555555555,0.5265,34.68,3250608.0,1708758286.06375,0
4.0,39.312222222222225,,,3251088.25,1708758286.20375,0
4.0,48.427499999999995,0.525219,34.68,3251342.0,1708758286.34375,0
4.0,41.5,,,3251532.0,1708758286.48375,0
4.0,12.476666666666667,0.522657,34.68,3251757.3333333335,1708758286.62375,0
4.0,-28.466666666666672,0.522657,34.68,3252146.75,1708758286.76375,0
4.0,-72.76,,,3252344.3333333335,1708758286.90375,0
4.0,-73.74444444444445,0.522657,34.68,3252871.5,1708758287.04375,0
4.0,34.52777777777778,,,3252954.6666666665,1708758287.18375,0
4.0,51.143333333333345,0.522657,34.68,3253221.75,1708758287.32375,0
4.0,47.76555555555555,,,3253362.0,1708758287.46375,0
4.0,20.313333333333333,0.523938,34.68,3253675.0,1708758287.60375,0
4.0,-16.924444444444443,,,3254312.3333333335,1708758287.74375,0
4.0,-58.863333333333344,0.523938,34.68,3254545.5,1708758287.88375,0
4.0,-81.92888888888889,0.523938,34.68,3254967.3333333335,1708758288.02375,0
4.0,25.029999999999998,,,3255241.5,1708758288.16375,0
4.0,44.07444444444444,0.521376,34.66,3255611.6666666665,1708758288.30375,0
4.0,47.852222222222224,,,3256037.0,1708758288.44375,0
4.0,22.483333333333334,0.521376,34.66,3256250.0,1708758288.58375,0
4.0,-19.984444444444442,,,3256131.25,1708758288.72375,0
4.0,-67.42555555555556,0.521376,34.66,3256601.3333333335,1708758288.86375,0
4.0,-29.688888888888894,0.523938,34.66,3256916.5,1708758289.00375,0
4.0,56.357777777777784,,,3257096.6666666665,1708758289.14375,0
4.0,58.43777777777778,0.522657,34.68,3257563.25,1708758289.28375,0
4.0,43.16666666666667,,,3257844.0,1708758289.42375,0
4.0,-0.33111111111111075,0.522657,34.68,3258253.25,1708758289.56375,0
4.0,-42.11666666666667,,,3258178.0,1708758289.70375,0
4.0,-82.80375,0.522657,34.68,3258567.5,1708758289.84375,0
4.0,-64.87333333333333,,,3258845.6666666665,1708758289.98375,0
4.0,40.09111111111111,0.521376,34.68,3259136.5,1708758290.12375,0
4.0,50.32111111111111,0.521376,34.66,3259646.0,1708758290.26375,0
4.0,45.73333333333333,,,3260122.75,1708758290.40375,0
4.0,12.33222222222222,0.518814,34.66,3260446.3333333335,1708758290.54375,0
4.0,-28.521111111111104,,,3260545.0,1708758290.68375,0
4.0,-73.48333333333333,0.520095,34.66,3260676.0,1708758290.82375,0
4.0,-43.044444444444444,,,3261173.5,1708758290.96375,0
4.0,48.78999999999999,0.536748,34.66,3261570.0,1708758291.10375,0
4.0,56.946666666666665,,,3261634.25,1708758291.24375,0
4.0,39.38444444444444,0.521376,34.66,3262053.0,1708758291.38375,0
4.0,-5.458888888888889,0.521376,34.66,3262136.75,1708758291.52375,0
4.0,-50.17555555555556,,,3262272.6666666665,1708758291.66375,0
4.0,-83.94,0.520095,34.66,3262303.75,1708758291.80375,0
4.0,19.58222222222222,,,3262654.0,1708758291.94375,0
4.0,54.437777777777775,0.521376,34.66,3262922.25,1708758292.08375,0
4.0,53.36333333333333,,,3263199.3333333335,1708758292.22375,0
4.0,20.71777777777778,0.521376,34.68,3263347.25,1708758292.36375,0
4.0,-9.135555555555555,0.523938,34.68,3263372.0,1708758292.50375,0
4.0,-53.24,,,3263751.75,1708758292.64375,0
4.0,-80.23555555555555,0.525219,34.68,3263855.6666666665,1708758292.78375,0
4.0,32.35666666666667,,,3264308.5,1708758292.92375,0
4.0,53.07222222222222,0.525219,34.68,3264563.0,1708758293.06375,0
4.0,51.327777777777776,,,3264931.75,1708758293.20375,0
4.0,27.62125,0.5265,34.68,3265440.6666666665,1708758293.34375,0
4.0,-8.491111111111113,,,3265832.25,1708758293.48375,0
4.0,-51.71666666666667,0.525219,34.68,3265955.0,1708758293.62375,0
4.0,-84.98,0.540592,34.68,3266433.25,1708758293.76375,0
4.0,19.132222222222225,,,3266599.6666666665,1708758293.90375,0
4.0,43.128888888888895,0.5265,34.68,3266620.0,1708758294.04375,0
4.0,46.441111111111105,,,3266848.6666666665,1708758294.18375,0
4.0,19.58555555555556,0.527781,34.68,3267185.5,1708758294.32375,0
4.0,-26.862222222222226,,,3267242.6666666665,1708758294.46375,0
4.0,-76.38555555555556,0.529062,34.68,3266886.25,1708758294.60375,0
4.0,-26.750000000000004,,,3267860.6666666665,1708758294.74375,0
4.0,47.56444444444445,0.529062,34.68,3267730.25,1708758294.88375,0
4.0,46.11666666666667,0.529062,34.68,3267997.0,1708758295.02375,0
4.0,39.523333333333326,,,3268441.25,1708758295.16375,0
4.0,2.576666666666666,0.5265,34.68,3268262.3333333335,1708758295.30375,0
4.0,-38.06777777777777,,,3268415.75,1708758295.44375,0
4.0,-85.24444444444445,0.5265,34.68,3268627.6666666665,1708758295.58375,0
4.0,-20.063333333333336,,,3268987.25,1708758295.72375,0
4.0,55.47,0.5265,34.68,3269380.0,1708758295.86375,0
4.0,54.73888888888889,0.527781,34.68,3269632.25,1708758296.00375,0
4.0,43.95666666666666,,,3269838.3333333335,1708758296.14375,0
4.0,6.037777777777779,0.527781,34.68,3270236.25,1708758296.28375,0
4.0,-30.245555555555555,,,3270684.0,1708758296.42375,0
4.0,-76.53888888888888,0.527781,34.68,3270960.5,1708758296.56375,0
4.0,-27.17888888888889,,,3271242.0,1708758296.70375,0
4.0,44.925,0.527781,34.68,3271409.75,1708758296.84375,0
4.0,48.224444444444444,,,3271512.0,1708758296.98375,0
4.0,38.50222222222222,0.5265,34.68,3271839.75,1708758297.12375,0
4.0,-7.190000000000001,0.5265,34.68,3271775.3333333335,1708758297.26375,0
4.0,-55.07,,,3271846.25,1708758297.40375,0
4.0,-93.39555555555556,0.525219,34.68,3272024.3333333335,1708758297.54375,0
4.0,17.172222222222224,,,3272605.5,1708758297.68375,0
4.0,52.03111111111111,0.529062,34.68,3272708.6666666665,1708758297.82375,0
4.0,50.78222222222222,,,3273210.5,1708758297.96375,0
4.0,29.48333333333333,0.534186,34.68,3273336.3333333335,1708758298.10375,0
4.0,-15.32,,,3273146.5,1708758298.24375,0
4.0,-61.5,0.536748,34.66,3273385.0,1708758298.38375,0
4.0,-82.78000000000002,0.539311,34.66,3273457.5,1708758298.52375,0
4.0,36.19111111111111,,,3273936.3333333335,1708758298.66375,0
4.0,62.58444444444444,0.539311,34.66,3273978.0,1708758298.80375,0
4.0,62.54,,,3274430.0,1708758298.94375,0
4.0,39.73111111111111,0.541873,34.66,3274783.25,1708758299.08375,0
4.0,-14.43222222222222,,,3274783.6666666665,1708758299.22375,0
4.0,-65.30222222222223,0.541873,34.66,3275096.75,1708758299.36375,0
4.0,-84.27333333333333,0.543154,34.66,3275671.0,1708758299.50375,0
4.0,27.34444444444445,,,3275715.5,1708758299.64375,0
4.0,40.57666666666666,0.543154,34.66,3275802.6666666665,1708758299.78375,0
4.0,38.63777777777777,,,3275967.0,1708758299.92375,0
4.0,1.890000000000001,0.541873,34.66,3275882.3333333335,1708758300.06375,0
4.0,-46.78444444444445,,,3275880.5,1708758300.20375,0
4.0,-90.305,0.540592,34.68,3275986.0,1708758300.34375,0
4.0,-19.688888888888894,,,3276317.0,1708758300.48375,0
4.0,52.77666666666667,0.536748,34.68,3276886.0,1708758300.62375,0
4.0,53.45222222222222,0.535467,34.68,3276899.0,1708758300.76375,0
4.0,43.71,,,3277206.6666666665,1708758300.90375,0
4.0,5.815555555555556,0.534186,34.68,3277385.5,1708758301.04375,0
4.0,-34.39,,,3277292.3333333335,1708758301.18375,0
4.0,-84.19666666666666,0.534186,34.66,3277289.75,1708758301.32375,0
4.0,-3.031111111111113,,,3277716.3333333335,1708758301.46375,0
4.0,55.172222222222224,0.534186,34.66,3277697.0,1708758301.60375,0
4.0,49.89666666666667,,,3278006.0,1708758301.74375,0
4.0,35.49888888888889,0.534186,34.66,3277910.75,1708758301.88375,0
4.0,-0.25777777777777783,0.532905,34.66,3278108.0,1708758302.02375,0
4.0,-31.987777777777783,,,3278282.75,1708758302.16375,0
4.0,-72.14555555555555,0.531624,34.66,3278916.0,1708758302.30375,0
4.0,-59.25333333333333,,,3278920.25,1708758302.44375,0
4.0,43.681111111111115,0.529062,34.66,3279450.6666666665,1708758302.58375,0
4.0,44.83444444444444,,,3279202.5,1708758302.72375,0
4.0,35.715555555555554,0.529062,34.66,3279646.0,1708758302.86375,0
4.0,4.508888888888889,0.529062,34.66,3279442.0,1708758303.00375,0
4.0,-33.57111111111111,,,3279486.3333333335,1708758303.14375,0
4.0,-78.83222222222223,0.530343,34.71,3279475.25,1708758303.28375,0
4.0,-19.36777777777778,,,3279945.6666666665,1708758303.42375,0
4.0,55.34222222222221,0.530343,34.71,3279907.25,1708758303.56375,0
4.0,54.31111111111111,,,3280335.3333333335,1708758303.70375,0
4.0,45.90375,0.529062,34.71,3280305.75,1708758303.84375,0
4.0,13.911111111111111,,,3280577.6666666665,1708758303.98375,0
4.0,-24.784444444444446,0.527781,34.71,3280779.25,1708758304.12375,0
4.0,-68.78999999999999,0.527781,34.68,3280588.0,1708758304.26375,0
4.0,-81.14111111111112,,,3280818.25,1708758304.40375,0
4.0,33.736666666666665,0.525219,34.68,3280925.6666666665,1708758304.54375,0
4.0,52.971111111111114,,,3280927.5,1708758304.68375,0
4.0,56.17999999999999,0.5265,34.68,3280950.6666666665,1708758304.82375,0
4.0,31.940000000000005,,,3281128.3333333335,1708758304.96375,0
4.0,-4.001111111111111,0.527781,34.68,3281376.25,1708758305.10375,0
4.0,-42.82,,,3281670.0,1708758305.24375,0
4.0,-88.49666666666666,0.527781,34.66,3282425.3333333335,1708758305.38375,0
4.0,4.585555555555555,0.527781,34.66,3282430.75,1708758305.52375,0
4.0,45.397777777777776,,,3282727.3333333335,1708758305.66375,0
4.0,38.39111111111111,0.525219,34.66,3282673.6666666665,1708758305.80375,0
4.0,24.707777777777782,,,3282428.5,1708758305.94375,0
4.0,-11.644444444444446,0.523938,34.66,3282542.0,1708758306.08375,0
4.0,-46.57,,,3282853.3333333335,1708758306.22375,0
4.0,-84.21555555555557,0.523938,34.68,3283260.25,1708758306.36375,0
4.0,22.37222222222222,0.525219,34.68,3282937.3333333335,1708758306.50375,0
4.0,53.06555555555556,,,3283063.6666666665,1708758306.64375,0
4.0,49.11222222222222,0.523938,34.68,3283524.0,1708758306.78375,0
4.0,29.166666666666668,,,3283402.0,1708758306.92375,0
4.0,-5.58,0.5265,34.68,3283827.6666666665,1708758307.06375,0
4.0,-44.56777777777777,,,3283887.0,1708758307.20375,0
4.0,-92.55125,0.5265,34.66,3283785.6666666665,1708758307.34375,0
4.0,-15.917777777777777,,,3284084.0,1708758307.48375,0
4.0,50.327777777777776,0.523938,34.66,3284302.75,1708758307.62375,0
4.0,48.14555555555555,0.523938,34.66,3284576.0,1708758307.76375,0
4.0,39.94111111111111,,,3284882.0,1708758307.90375,0
4.0,2.6688888888888886,0.525219,34.66,3284948.25,1708758308.04375,0
4.0,-37.1888888888889,,,3285258.0,1708758308.18375,0
4.0,-79.46111111111112,0.5265,34.66,3285628.75,1708758308.32375,0
4.0,9.54,,,3285565.0,1708758308.46375,0
4.0,38.99444444444445,0.530343,34.66,3285854.0,1708758308.60375,0
4.0,25.74,,,3286378.3333333335,1708758308.74375,0
4.0,-3.302222222222222,0.530343,34.66,3286482.75,1708758308.88375,0
4.0,-47.45444444444445,0.531624,34.66,3286363.3333333335,1708758309.02375,0
4.0,-81.52666666666667,,,3286135.25,1708758309.16375,0
4.0,25.586666666666666,0.531624,34.68,3286710.3333333335,1708758309.30375,0
4.0,54.46666666666667,,,3286641.0,1708758309.44375,0
4.0,47.721111111111114,0.530343,34.68,3286813.0,1708758309.58375,0
4.0,11.637777777777778,,,3287078.0,1708758309.72375,0
4.0,-44.73222222222223,0.530343,34.68,3287473.3333333335,1708758309.86375,0
4.0,-90.69888888888889,0.532905,34.68,3287567.25,1708758310.00375,0
4.0,21.209999999999997,,,3287653.6666666665,1708758310.14375,0
4.0,66.1711111111111,0.532905,34.68,3287686.75,1708758310.28375,0
4.0,61.82222222222222,,,3287808.3333333335,1708758310.42375,0
4.0,35.53666666666667,0.532905,34.68,3288189.75,1708758310.56375,0
4.0,-6.045555555555556,,,3288049.6666666665,1708758310.70375,0
4.0,-49.612500000000004,0.532905,34.68,3288614.5,1708758310.84375,0
4.0,-94.35222222222222,,,3288415.6666666665,1708758310.98375,0
4.0,16.447777777777777,0.532905,34.68,3288455.5,1708758311.12375,0
4.0,60.34111111111112,0.531624,34.68,3288745.0,1708758311.26375,0
4.0,49.702222222222225,,,3289415.5,1708758311.40375,0
4.0,20.09,0.531624,34.68,3289606.0,1708758311.54375,0
4.0,-24.41111111111111,,,3289547.0,1708758311.68375,0
4.0,-75.88222222222223,0.531624,34.68,3289596.0,1708758311.82375,0
4.0,-41.838888888888896,,,3289546.25,1708758311.96375,0
4.0,63.32222222222222,0.532905,34.68,3289889.6666666665,1708758312.10375,0
4.0,63.81444444444445,,,3289896.75,1708758312.24375,0
4.0,51.49666666666667,0.532905,34.66,3289916.3333333335,1708758312.38375,0
4.0,11.632222222222222,0.532905,34.66,3290256.25,1708758312.52375,0
4.0,-30.459999999999997,,,3289936.6666666665,1708758312.66375,0
4.0,-85.61777777777779,0.530343,34.66,3290337.0,1708758312.80375,0
4.0,-104.75555555555555,,,3290460.0,1708758312.94375,0
4.0,38.65555555555555,0.530343,34.66,3290391.0,1708758313.08375,0
4.0,73.38555555555556,,,3290354.3333333335,1708758313.22375,0
4.0,69.02555555555556,0.530343,34.66,3290425.0,1708758313.36375,0
4.0,39.88777777777778,0.530343,34.66,3291124.3333333335,1708758313.50375,0
4.0,0.3366666666666668,,,3290790.0,1708758313.64375,0
4.0,-42.20444444444444,0.531624,34.66,3290984.0,1708758313.78375,0
4.0,-95.36444444444444,,,3291317.0,1708758313.92375,0
4.0,-56.46333333333333,0.530343,34.66,3291626.6666666665,1708758314.06375,0
4.0,50.68555555555556,,,3291698.0,1708758314.20375,0
4.0,56.14625,0.530343,34.66,3291573.5,1708758314.34375,0
4.0,51.04666666666667,,,3291740.25,1708758314.48375,0
4.0,14.513333333333334,0.529062,34.66,3292020.6666666665,1708758314.62375,0
4.0,-28.490000000000002,0.527781,34.66,3291859.75,1708758314.76375,0
4.0,-78.80777777777777,,,3292255.6666666665,1708758314.90375,0
4.0,-46.481111111111105,0.5265,34.66,3292024.75,1708758315.04375,0
4.0,52.64444444444444,,,3292337.0,1708758315.18375,0
4.0,53.02777777777778,0.527781,34.68,3292194.75,1708758315.32375,0
4.0,46.614444444444445,,,3292165.3333333335,1708758315.46375,0
4.0,9.006666666666668,0.527781,34.68,3292280.0,1708758315.60375,0
4.0,-28.803333333333335,,,3292312.6666666665,1708758315.74375,0
4.0,-72.80111111111111,0.529062,34.68,3292404.6666666665,1708758315.88375,0
4.0,-101.89333333333333,0.527781,34.68,3292615.5,1708758316.02375,0
4.0,21.65,,,3292731.0,1708758316.16375,0
4.0,58.75222222222222,0.527781,34.68,3293126.0,1708758316.30375,0
4.0,57.12111111111111,,,3293050.0,1708758316.44375,0
4.0,30.34777777777778,0.5265,34.68,3292610.3333333335,1708758316.58375,0
4.0,-8.29888888888889,,,3292802.6666666665,1708758316.72375,0
4.0,-51.538888888888884,0.525219,34.68,3292698.25,1708758316.86375,0
4.0,-96.94777777777777,0.525219,34.68,3292582.5,1708758317.00375,0
4.0,10.784444444444443,,,3292533.0,1708758317.14375,0
4.0,51.522222222222226,0.5265,34.66,3292864.3333333335,1708758317.28375,0
4.0,44.87222222222222,,,3293139.0,1708758317.42375,0
4.0,22.575555555555557,0.5265,34.66,3293395.0,1708758317.56375,0
4.0,-24.581111111111113,,,3292926.25,1708758317.70375,0
4.0,-73.785,0.5265,34.66,3292520.5,1708758317.84375,0
4.0,-37.62111111111111,,,3292834.3333333335,1708758317.98375,0
4.0,50.10666666666667,0.527781,34.66,3293236.3333333335,1708758318.12375,0
4.0,49.642222222222216,0.5265,34.66,3293198.25,1708758318.26375,0
4.0,38.13666666666667,,,3293305.3333333335,1708758318.40375,0
4.0,-9.607777777777777,0.525219,34.66,3293500.25,1708758318.54375,0
4.0,-63.65555555555555,,,3294306.0,1708758318.68375,0
4.0,-89.86222222222223,0.525219,34.66,3293632.0,1708758318.82375,0
4.0,26.603333333333335,,,3293472.0,1708758318.96375,0
4.0,49.71333333333334,0.529062,34.66,3293900.0,1708758319.10375,0
4.0,50.11666666666667,,,3295054.6666666665,1708758319.24375,0
4.0,20.616666666666664,0.529062,34.68,3294875.0,1708758319.38375,0
4.0,-22.33888888888889,0.529062,34.68,3294507.0,1708758319.52375,0
4.0,-74.1,,,3294132.5,1708758319.66375,0
4.0,-73.11333333333333,0.529062,34.68,3294169.3333333335,1708758319.80375,0
4.0,46.50444444444444,,,3294370.5,1708758319.94375,0
4.0,56.21888888888889,0.529062,34.68,3294115.3333333335,1708758320.08375,0
4.0,47.28666666666666,,,3294480.25,1708758320.22375,0
4.0,11.737777777777778,0.5265,34.68,3294429.0,1708758320.36375,0
4.0,-35.23333333333333,0.525219,34.68,3294014.75,1708758320.50375,0
4.0,-88.26666666666667,,,3294067.0,1708758320.64375,0
4.0,-0.17333333333333278,0.525219,34.68,3293948.5,1708758320.78375,0
4.0,58.383333333333326,,,3294210.3333333335,1708758320.92375,0
4.0,54.492222222222225,0.5265,34.68,3294113.5,1708758321.06375,0
4.0,34.47333333333333,,,3294192.3333333335,1708758321.20375,0
4.0,-8.76875,0.527781,34.68,3294244.25,1708758321.34375,0
4.0,-59.26777777777777,,,3293939.3333333335,1708758321.48375,0
4.0,-92.37888888888888,0.5265,34.68,3293863.5,1708758321.62375,0
4.0,31.903333333333332,0.527781,34.68,3294436.0,1708758321.76375,0
4.0,57.98888888888889,,,3294018.25,1708758321.90375,0
4.0,51.49222222222223,0.529062,34.68,3294062.3333333335,1708758322.04375,0
4.0,11.662222222222223,,,3294463.0,1708758322.18375,0
4.0,-49.24555555555556,0.527781,34.68,3294600.3333333335,1708758322.32375,0
4.0,-71.31888888888889,,,3294129.25,1708758322.46375,0
4.0,41.94444444444444,0.529062,34.68,3293630.3333333335,1708758322.60375,0
4.0,54.96666666666666,,,3293832.0,1708758322.74375,0
4.0,47.20222222222222,0.529062,34.68,3294060.6666666665,1708758322.88375,0
4.0,9.30111111111111,0.530343,34.68,3294343.75,1708758323.02375,0
4.0,-29.63666666666667,,,3294485.0,1708758323.16375,0
4.0,-82.6322222222222,0.531624,34.66,3294253.25,1708758323.30375,0
4.0,-25.885555555555555,,,3293825.3333333335,1708758323.44375,0
4.0,52.30777777777777,0.531624,34.66,3293945.75,1708758323.58375,0
4.0,49.238888888888894,,,3293917.6666666665,1708758323.72375,0
4.0,34.888888888888886,0.531624,34.66,3293722.75,1708758323.86375,0
4.0,-2.9955555555555557,0.531624,34.66,3291776.6666666665,1708758324.00375,0
4.0,-55.41444444444445,,,3288687.5,1708758324.14375,0
4.0,-96.08555555555556,0.529062,34.68,3287067.3333333335,1708758324.28375,0
4.0,31.011111111111106,,,3287014.75,1708758324.42375,0
4.0,63.95777777777778,0.529062,34.68,3287047.3333333335,1708758324.56375,0
4.0,57.92222222222223,,,3286035.0,1708758324.70375,0
4.0,27.337500000000002,0.531624,34.68,3285691.0,1708758324.84375,0
4.0,-14.984444444444446,,,3283927.75,1708758324.98375,0
4.0,-61.595555555555556,0.530343,34.68,3280820.6666666665,1708758325.12375,0
4.0,-91.01555555555555,0.530343,34.68,3278770.75,1708758325.26375,0
4.0,30.45555555555556,,,3279068.0,1708758325.40375,0
4.0,55.97,0.529062,34.68,3280772.25,1708758325.54375,0
4.0,49.397777777777776,,,3282828.0,1708758325.68375,0
4.0,20.45555555555556,0.527781,34.68,3281621.25,1708758325.82375,0
4.0,-25.97555555555555,,,3278246.3333333335,1708758325.96375,0
4.0,-76.23555555555555,0.5265,34.68,3277087.0,1708758326.10375,0
4.0,-36.83222222222222,,,3275195.3333333335,1708758326.24375,0
4.0,49.28444444444444,0.523938,34.66,3275676.0,1708758326.38375,0
4.0,44.004444444444445,0.523938,34.66,3278357.6666666665,1708758326.52375,0
4.0,31.57222222222222,,,3278927.25,1708758326.66375,0
4.0,-14.963333333333335,0.5265,34.66,3279609.0,1708758326.80375,0
4.0,-65.19555555555556,,,3279221.5,1708758326.94375,0
4.0,-43.25222222222223,0.525219,34.66,3279708.0,1708758327.08375,0
4.0,46.17111111111112,,,3281806.0,1708758327.22375,0
4.0,43.736666666666665,0.523938,34.68,3281319.6666666665,1708758327.36375,0
4.0,32.37222222222222,0.522657,34.68,3280438.75,1708758327.50375,0
4.0,-10.271111111111113,,,3280916.0,1708758327.64375,0
4.0,-57.22222222222222,0.523938,34.68,3281912.0,1708758327.78375,0
4.0,-80.28888888888889,,,3281098.3333333335,1708758327.92375,0
4.0,40.27222222222222,0.523938,34.68,3281868.5,1708758328.06375,0
4.0,58.06888888888889,,,3282361.6666666665,1708758328.20375,0
4.0,51.32,0.523938,34.66,3281271.0,1708758328.34375,0
4.0,20.345555555555556,,,3279606.3333333335,1708758328.48375,0
4.0,-29.38888888888889,0.523938,34.66,3278871.0,1708758328.62375,0
4.0,-73.48666666666666,0.523938,34.66,3278935.0,1708758328.76375,0
4.0,-81.50444444444445,,,3279728.5,1708758328.90375,0
4.0,37.72555555555556,0.523938,34.66,3280509.3333333335,1708758329.04375,0
4.0,56.36555555555555,,,3281403.75,1708758329.18375,0
4.0,57.596666666666664,0.521376,34.71,3282762.3333333335,1708758329.32375,0
4.0,26.526666666666667,,,3283621.0,1708758329.46375,0
4.0,-17.054444444444446,0.521376,34.71,3284032.3333333335,1708758329.60375,0
4.0,-69.15777777777778,,,3283123.5,1708758329.74375,0
4.0,-70.9388888888889,0.521376,34.71,3283288.3333333335,1708758329.88375,0
4.0,41.035555555555554,0.521376,34.71,3283709.0,1708758330.02375,0
4.0,43.81666666666667,,,3283820.3333333335,1708758330.16375,0
4.0,35.09777777777778,0.522657,34.68,3284592.5,1708758330.30375,0
4.0,6.026666666666667,,,3285108.0,1708758330.44375,0
4.0,-37.96666666666667,0.522657,34.68,3284668.5,1708758330.58375,0
4.0,-76.9888888888889,,,3284673.0,1708758330.72375,0
4.0,26.993333333333336,0.521376,34.68,3284776.25,1708758330.86375,0
4.0,44.29222222222222,0.520095,34.68,3285198.3333333335,1708758331.00375,0
4.0,46.605555555555554,,,3285212.5,1708758331.14375,0
4.0,10.534444444444444,0.520095,34.68,3286072.6666666665,1708758331.28375,0
4.0,-40.09444444444445,,,3286774.75,1708758331.42375,0
4.0,-88.89777777777778,0.518814,34.68,3286609.3333333335,1708758331.56375,0
4.0,4.6577777777777785,,,3287024.75,1708758331.70375,0
4.0,53.3075,0.520095,34.68,3287296.0,1708758331.84375,0
4.0,46.75666666666667,,,3287628.75,1708758331.98375,0
4.0,30.237777777777776,0.518814,34.68,3287879.3333333335,1708758332.12375,0
4.0,-13.552222222222222,0.521376,34.68,3288270.5,1708758332.26375,0
4.0,-62.330000000000005,,,3288000.0,1708758332.40375,0
4.0,-71.47111111111111,0.518814,34.68,3287545.0,1708758332.54375,0
4.0,34.556666666666665,,,3287655.0,1708758332.68375,0
4.0,46.11222222222223,0.520095,34.68,3287786.5,1708758332.82375,0
4.0,40.989999999999995,,,3288927.3333333335,1708758332.96375,0
4.0,-4.433333333333334,0.517533,34.68,3288627.0,1708758333.10375,0
4.0,-55.458888888888886,,,3289298.6666666665,1708758333.24375,0
4.0,-54.40444444444445,0.517533,34.68,3289463.5,1708758333.38375,0
4.0,42.923333333333325,0.517533,34.68,3289607.0,1708758333.52375,0
4.0,45.553333333333335,,,3289866.0,1708758333.66375,0
4.0,28.12111111111111,0.516252,34.68,3289714.0,1708758333.80375,0
4.0,-7.354444444444444,,,3291043.0,1708758333.94375,0
4.0,-49.142222222222216,0.516252,34.68,3291054.0,1708758334.08375,0
4.0,-90.63666666666667,,,3291850.25,1708758334.22375,0
4.0,11.803333333333335,0.514971,34.68,3291865.3333333335,1708758334.36375,0
4.0,56.05111111111111,0.51369,34.68,3291707.5,1708758334.50375,0
4.0,57.730000000000004,,,3291770.6666666665,1708758334.64375,0
4.0,31.45777777777778,0.509847,34.68,3291739.5,1708758334.78375,0
4.0,-12.115555555555554,,,3291875.6666666665,1708758334.92375,0
4.0,-64.9588888888889,0.508566,34.68,3292167.0,1708758335.06375,0
4.0,-59.82777777777777,,,3291463.6666666665,1708758335.20375,0
4.0,34.91375,0.506004,34.68,3291998.25,1708758335.34375,0
4.0,46.724444444444444,,,3292534.0,1708758335.48375,0
4.0,44.96777777777778,0.503442,34.68,3292632.0,1708758335.62375,0
4.0,14.84,0.467573,34.68,3293062.3333333335,1708758335.76375,0
4.0,-33.62777777777777,,,3293274.25,1708758335.90375,0
4.0,-89.14555555555555,0.459887,34.68,3293165.6666666665,1708758336.04375,0
4.0,-71.48222222222222,,,3292873.0,1708758336.18375,0
4.0,-65.70333333333333,0.456044,34.71,3293154.3333333335,1708758336.32375,0
4.0,-127.4888888888889,,,3293656.0,1708758336.46375,0
4.0,-102.28777777777778,0.458606,34.71,3293941.3333333335,1708758336.60375,0
4.0,-30.634444444444448,,,3294544.75,1708758336.74375,0
4.0,12.33,0.459887,34.71,3293953.3333333335,1708758336.88375,0
4.0,30.353333333333335,0.459887,34.71,3294412.25,1708758337.02375,0
4.0,133.41444444444446,,,3294482.0,1708758337.16375,0
4.0,172.6011111111111,0.459887,34.66,3294846.0,1708758337.30375,0
4.0,177.16111111111115,,,3295178.6666666665,1708758337.44375,0
4.0,101.35333333333332,0.470135,34.66,3295327.25,1708758337.58375,0
4.0,-31.217777777777776,,,3295311.3333333335,1708758337.72375,0
4.0,-106.48,0.484227,34.66,3295155.25,1708758337.86375,0
4.0,-44.83888888888888,0.506004,34.66,3295699.3333333335,1708758338.00375,0
4.0,10.086666666666666,,,3296073.5,1708758338.14375,0
4.0,30.45888888888889,0.51369,34.68,3296378.0,1708758338.28375,0
4.0,121.59444444444443,,,3297042.0,1708758338.42375,0
4.0,57.158888888888896,0.480383,34.68,3297824.3333333335,1708758338.56375,0
4.0,-56.76555555555556,,,3297975.0,1708758338.70375,0
4.0,-69.41624999999999,0.479102,34.68,3296019.6666666665,1708758338.84375,0
4.0,-7.814444444444444,,,3294569.0,1708758338.98375,0
4.0,-13.596666666666666,0.489351,34.68,3299234.3333333335,1708758339.12375,0
4.0,-6.381111111111112,0.47654,34.71,3302471.75,1708758339.26375,0
4.0,72.01666666666667,,,3301449.3333333335,1708758339.40375,0
4.0,24.71777777777778,0.482946,34.71,3301198.0,1708758339.54375,0
4.0,-33.27111111111111,,,3298873.3333333335,1708758339.68375,0
4.0,-60.586666666666666,0.482946,34.71,3298232.0,1708758339.82375,0
4.0,-22.130000000000003,,,3296440.6666666665,1708758339.96375,0
4.0,-23.414444444444445,0.481664,34.71,3296975.5,1708758340.10375,0
4.0,-48.16777777777778,,,3295680.6666666665,1708758340.24375,0
4.0,-64.79777777777778,0.479102,34.68,3296799.75,1708758340.38375,0
4.0,14.068888888888889,0.47654,34.68,3295232.3333333335,1708758340.52375,0
4.0,60.39444444444444,,,3290738.0,1708758340.66375,0
4.0,54.12222222222222,0.475259,34.68,3286025.0,1708758340.80375,0
4.0,25.015555555555554,,,3286938.0,1708758340.94375,0
4.0,-23.425555555555555,0.480383,34.68,3288659.3333333335,1708758341.08375,0
4.0,-71.99666666666666,,,3292195.5,1708758341.22375,0
4.0,12.226666666666667,0.477821,34.71,3292419.0,1708758341.36375,0
4.0,67.30666666666667,0.473978,34.71,3286333.0,1708758341.50375,0
4.0,79.61555555555556,,,3283293.6666666665,1708758341.64375,0
4.0,50.918888888888894,0.47654,34.71,3281043.0,1708758341.78375,0
4.0,25.50888888888889,,,3280703.3333333335,1708758341.92375,0
4.0,-21.134444444444448,0.472697,34.71,3283341.5,1708758342.06375,0
4.0,11.428888888888887,,,3283180.6666666665,1708758342.20375,0
4.0,16.5875,0.471416,34.71,3283578.25,1708758342.34375,0
4.0,11.196666666666665,,,3283265.3333333335,1708758342.48375,0
4.0,-9.572222222222223,0.470135,34.71,3285946.75,1708758342.62375,0
4.0,-45.187777777777775,0.470135,34.71,3285069.3333333335,1708758342.76375,0
4.0,-60.493333333333325,,,3285480.0,1708758342.90375,0
4.0,16.003333333333334,0.470135,34.71,3284314.3333333335,1708758343.04375,0
4.0,47.57333333333333,,,3284253.25,1708758343.18375,0
4.0,37.80777777777778,0.489351,34.71,3284102.3333333335,1708758343.32375,0
4.0,1.4822222222222219,,,3284725.25,1708758343.46375,0
4.0,-48.05111111111111,0.471416,34.71,3285603.3333333335,1708758343.60375,0
4.0,-63.373333333333335,,,3285496.25,1708758343.74375,0
4.0,5.146666666666667,0.472697,34.71,3284252.3333333335,1708758343.88375,0
4.0,11.274444444444446,0.473978,34.71,3283795.5,1708758344.02375,0
4.0,7.315555555555554,,,3289628.0,1708758344.16375,0
4.0,-23.852222222222224,0.472697,34.71,3296801.25,1708758344.30375,0
4.0,-65.64888888888889,,,3295759.0,1708758344.44375,0
4.0,-3.724444444444444,0.472697,34.71,3288221.25,1708758344.58375,0
4.0,34.474444444444444,,,3286394.6666666665,1708758344.72375,0
4.0,28.40111111111111,0.473978,34.71,3287124.5,1708758344.86375,0
4.0,7.87,0.473978,34.71,3286328.6666666665,1708758345.00375,0
4.0,-27.513333333333332,,,3286412.5,1708758345.14375,0
4.0,-70.83999999999999,0.475259,34.71,3285674.3333333335,1708758345.28375,0
4.0,-16.017777777777777,,,3283708.75,1708758345.42375,0
4.0,30.43777777777778,0.472697,34.71,3277634.6666666665,1708758345.56375,0
4.0,21.33666666666667,,,3274246.5,1708758345.70375,0
4.0,-1.196250000000001,0.484227,34.71,3273660.3333333335,1708758345.84375,0
4.0,-19.63,,,3275481.75,1708758345.98375,0
4.0,-28.73,0.475259,34.71,3277568.3333333335,1708758346.12375,0
4.0,44.79666666666666,0.481664,34.71,3278954.75,1708758346.26375,0
4.0,122.63666666666667,,,3279322.6666666665,1708758346.40375,0
4.0,44.97222222222222,0.479102,34.71,3279446.5,1708758346.54375,0
4.0,-29.88555555555556,,,3279822.6666666665,1708758346.68375,0
4.0,-44.23555555555556,0.473978,34.71,3280736.0,1708758346.82375,0
4.0,13.857777777777779,,,3281870.3333333335,1708758346.96375,0
4.0,7.8999999999999995,0.472697,34.71,3280777.0,1708758347.10375,0
4.0,51.50888888888889,,,3280434.0,1708758347.24375,0
4.0,38.73777777777778,0.473978,34.71,3281267.5,1708758347.38375,0
4.0,-72.14999999999999,0.480383,34.71,3281505.3333333335,1708758347.52375,0
4.0,-105.02333333333333,,,3282632.5,1708758347.66375,0
4.0,-80.94,0.485508,34.71,3283241.6666666665,1708758347.80375,0
4.0,-75.89333333333333,,,3282793.25,1708758347.94375,0
4.0,-39.99999999999999,0.490632,34.71,3282779.6666666665,1708758348.08375,0
4.0,53.26222222222222,,,3282795.25,1708758348.22375,0
4.0,66.7,0.495756,34.71,3285231.0,1708758348.36375,0
4.0,55.38666666666667,0.498318,34.71,3288662.0,1708758348.50375,0
4.0,19.10888888888889,,,3292966.0,1708758348.64375,0
4.0,-23.348888888888887,0.517533,34.71,3288106.25,1708758348.78375,0
4.0,-74.4888888888889,,,3288044.0,1708758348.92375,0
4.0,-12.089999999999998,0.503442,34.71,3283724.75,1708758349.06375,0
4.0,43.17222222222222,,,3275158.3333333335,1708758349.20375,0
4.0,46.557500000000005,0.503442,34.71,3273626.5,1708758349.34375,0
4.0,40.67222222222222,,,3275100.6666666665,1708758349.48375,0
4.0,8.487777777777778,0.503442,34.71,3274447.75,1708758349.62375,0
4.0,-30.833333333333332,0.503442,34.71,3272526.6666666665,1708758349.76375,0
4.0,-74.74333333333334,,,3272307.25,1708758349.90375,0
4.0,-10.375555555555556,0.504723,34.71,3272563.6666666665,1708758350.04375,0
4.0,40.80666666666667,,,3274692.25,1708758350.18375,0
4.0,50.971111111111114,0.506004,34.71,3276594.6666666665,1708758350.32375,0
4.0,43.14222222222222,,,3277687.75,1708758350.46375,0
4.0,0.4777777777777771,0.507285,34.71,3277790.0,1708758350.60375,0
4.0,-34.760000000000005,,,3278437.0,1708758350.74375,0
4.0,-48.107777777777784,0.506004,34.71,3280349.0,1708758350.88375,0
4.0,35.864444444444445,0.503442,34.71,3281027.25,1708758351.02375,0
4.0,49.14222222222222,,,3282104.6666666665,1708758351.16375,0
4.0,15.790000000000001,0.508566,34.71,3282989.25,1708758351.30375,0
4.0,-32.007777777777775,,,3284180.6666666665,1708758351.44375,0
4.0,-69.77777777777777,0.530343,34.71,3284342.5,1708758351.58375,0
4.0,-81.80888888888889,,,3284777.0,1708758351.72375,0
4.0,3.8544444444444443,0.532905,34.71,3285593.25,1708758351.86375,0
4.0,37.58444444444444,0.539311,34.71,3286356.3333333335,1708758352.00375,0
4.0,25.513333333333335,,,3286879.5,1708758352.14375,0
4.0,1.3033333333333335,0.546997,34.73,3287620.3333333335,1708758352.28375,0
4.0,12.952222222222222,,,3288360.25,1708758352.42375,0
4.0,27.560000000000002,0.55084,34.73,3288303.3333333335,1708758352.56375,0
4.0,12.595555555555556,,,3286254.75,1708758352.70375,0
4.0,2.19125,0.55084,34.73,3284678.3333333335,1708758352.84375,0
4.0,-5.304444444444445,,,3286336.75,1708758352.98375,0
4.0,-32.89666666666667,0.55084,34.73,3287031.6666666665,1708758353.12375,0
4.0,-33.721111111111114,0.552121,34.71,3285764.5,1708758353.26375,0
4.0,27.984444444444442,,,3282905.3333333335,1708758353.40375,0
4.0,29.206666666666667,0.552121,34.71,3279456.25,1708758353.54375,0
4.0,23.05,,,3279019.3333333335,1708758353.68375,0
4.0,-6.597777777777777,0.555964,34.71,3281703.75,1708758353.82375,0
4.0,-45.558888888888895,,,3284436.3333333335,1708758353.96375,0
4.0,0.9399999999999993,0.557245,34.71,3287142.25,1708758354.10375,0
4.0,34.151111111111106,,,3291975.0,1708758354.24375,0
4.0,24.634444444444444,0.557245,34.71,3294249.0,1708758354.38375,0
4.0,9.506666666666668,0.557245,34.71,3299161.6666666665,1708758354.52375,0
4.0,-22.19,,,3303140.25,1708758354.66375,0
4.0,-59.37333333333332,0.557245,34.71,3306860.6666666665,1708758354.80375,0
4.0,-20.79888888888889,,,3306739.0,1708758354.94375,0
4.0,34.84777777777778,0.555964,34.71,3306497.5,1708758355.08375,0
4.0,34.916666666666664,,,3304393.6666666665,1708758355.22375,0
4.0,25.591111111111115,0.557245,34.73,3304326.0,1708758355.36375,0
4.0,-9.481111111111112,0.559807,34.73,3304012.3333333335,1708758355.50375,0
4.0,-48.51222222222222,,,3305164.75,1708758355.64375,0
4.0,-57.00777777777777,0.561088,34.73,3304841.0,1708758355.78375,0
4.0,21.441111111111113,,,3304865.5,1708758355.92375,0
4.0,30.281111111111116,0.564931,34.73,3305692.25,1708758356.06375,0
4.0,29.185555555555553,,,3306430.3333333335,1708758356.20375,0
4.0,5.831250000000001,0.568774,34.73,3307272.25,1708758356.34375,0
4.0,-28.089999999999996,,,3307973.6666666665,1708758356.48375,0
4.0,-64.6888888888889,0.571336,34.73,3308061.5,1708758356.62375,0
4.0,-0.9655555555555568,0.571336,34.73,3308693.0,1708758356.76375,0
4.0,32.76,,,3309631.0,1708758356.90375,0
4.0,33.61666666666667,0.568774,34.73,3309428.3333333335,1708758357.04375,0
4.0,14.914444444444447,,,3310052.75,1708758357.18375,0
4.0,-25.975555555555555,0.567493,34.73,3310281.6666666665,1708758357.32375,0
4.0,-61.953333333333326,,,3310692.75,1708758357.46375,0
4.0,13.75111111111111,0.566212,34.73,3310625.6666666665,1708758357.60375,0
4.0,42.09111111111111,,,3310386.75,1708758357.74375,0
4.0,39.81444444444444,0.567493,34.73,3310452.0,1708758357.88375,0
4.0,15.496666666666666,0.568774,34.73,3310627.25,1708758358.02375,0
4.0,-22.076666666666668,,,3311021.6666666665,1708758358.16375,0
4.0,-66.72888888888889,0.570055,34.73,3310683.5,1708758358.30375,0
4.0,-10.194444444444443,,,3310969.6666666665,1708758358.44375,0
4.0,36.59444444444444,0.568774,34.73,3311145.75,1708758358.58375,0
4.0,37.766666666666666,,,3311178.3333333335,1708758358.72375,0
4.0,29.166666666666668,0.567493,34.73,3311387.5,1708758358.86375,0
4.0,-2.283333333333333,0.566212,34.73,3311584.3333333335,1708758359.00375,0
4.0,-37.510000000000005,,,3311490.25,1708758359.14375,0
4.0,-64.49555555555555,0.566212,34.73,3311722.3333333335,1708758359.28375,0
4.0,19.394444444444446,,,3312156.0,1708758359.42375,0
4.0,38.105555555555554,0.567493,34.73,3312653.0,1708758359.56375,0
4.0,38.66555555555556,,,3313298.5,1708758359.70375,0
4.0,20.125,0.568774,34.73,3312925.6666666665,1708758359.84375,0
4.0,-8.327777777777778,,,3313906.0,1708758359.98375,0
4.0,-44.847777777777786,0.568774,34.73,3313717.3333333335,1708758360.12375,0
4.0,-50.43222222222222,0.570055,34.73,3314185.75,1708758360.26375,0
4.0,25.88222222222222,,,3313835.3333333335,1708758360.40375,0
4.0,26.816666666666666,0.567493,34.73,3314694.25,1708758360.54375,0
4.0,24.58222222222222,,,3314815.0,1708758360.68375,0
4.0,-6.867777777777778,0.568774,34.73,3314902.25,1708758360.82375,0
4.0,-44.775555555555556,,,3315212.0,1708758360.96375,0
4.0,-19.24,0.571336,34.73,3315485.0,1708758361.10375,0
4.0,32.836666666666666,,,3315421.0,1708758361.24375,0
4.0,22.91111111111111,0.571336,34.73,3315545.25,1708758361.38375,0
4.0,3.79,0.572617,34.73,3315893.3333333335,1708758361.52375,0
4.0,-41.45333333333333,,,3316157.5,1708758361.66375,0
4.0,-29.93111111111111,0.573898,34.73,3316605.0,1708758361.80375,0
4.0,32.11222222222222,,,3316070.5,1708758361.94375,0
4.0,31.971111111111114,0.575179,34.73,3316237.6666666665,1708758362.08375,0
4.0,14.915555555555557,,,3316305.75,1708758362.22375,0
4.0,-30.418888888888887,0.572617,34.73,3316322.0,1708758362.36375,0
4.0,-64.86555555555556,0.572617,34.73,3316088.0,1708758362.50375,0
4.0,11.534444444444443,,,3316789.3333333335,1708758362.64375,0
4.0,42.379999999999995,0.575179,34.73,3316645.25,1708758362.78375,0
4.0,49.099999999999994,,,3316191.3333333335,1708758362.92375,0
4.0,38.248888888888885,0.57646,34.73,3315661.5,1708758363.06375,0
4.0,17.349999999999998,,,3315454.6666666665,1708758363.20375,0
4.0,-8.915000000000001,0.577741,34.73,3315612.25,1708758363.34375,0
4.0,-45.68333333333334,,,3315706.6666666665,1708758363.48375,0
4.0,-79.08111111111111,0.577741,34.73,3315660.25,1708758363.62375,0
4.0,1.2766666666666664,0.577741,34.73,3315327.6666666665,1708758363.76375,0
4.0,39.95777777777778,,,3315560.25,1708758363.90375,0
4.0,50.595555555555556,0.57646,34.73,3315746.3333333335,1708758364.04375,0
4.0,40.2511111111111,,,3315714.25,1708758364.18375,0
4.0,19.049999999999997,0.573898,34.73,3315514.0,1708758364.32375,0
4.0,-8.176666666666668,,,3315601.75,1708758364.46375,0
4.0,-42.787777777777784,0.572617,34.73,3315960.3333333335,1708758364.60375,0
4.0,-64.49777777777778,,,3316447.25,1708758364.74375,0
4.0,8.809999999999999,0.572617,34.73,3317522.3333333335,1708758364.88375,0
4.0,31.918888888888887,0.575179,34.73,3318014.0,1708758365.02375,0
4.0,37.81555555555556,,,3318403.0,1708758365.16375,0
4.0,23.175555555555558,0.575179,34.71,3318649.25,1708758365.30375,0
4.0,3.882222222222222,,,3319429.6666666665,1708758365.44375,0
4.0,-21.86888888888889,0.573898,34.71,3319946.75,1708758365.58375,0
4.0,-53.74888888888889,,,3320208.0,1708758365.72375,0
4.0,-9.214444444444442,0.573898,34.71,3320437.75,1708758365.86375,0
4.0,21.09111111111111,0.572617,34.71,3321319.6666666665,1708758366.00375,0
4.0,25.018888888888892,,,3321121.5,1708758366.14375,0
4.0,12.092222222222224,0.570055,34.73,3320594.6666666665,1708758366.28375,0
4.0,-12.067777777777776,,,3321026.0,1708758366.42375,0
4.0,-36.26666666666667,0.570055,34.73,3320939.3333333335,1708758366.56375,0
4.0,-33.0,,,3321083.5,1708758366.70375,0
4.0,18.74875,0.568774,34.73,3321347.6666666665,1708758366.84375,0
4.0,21.65555555555556,,,3321065.5,1708758366.98375,0
4.0,23.05222222222222,0.568774,34.73,3321372.6666666665,1708758367.12375,0
4.0,4.372222222222223,0.570055,34.73,3321450.0,1708758367.26375,0
4.0,-19.83222222222222,,,3321094.3333333335,1708758367.40375,0
4.0,-50.42555555555556,0.571336,34.73,3321105.0,1708758367.54375,0
4.0,-48.51777777777777,,,3320813.3333333335,1708758367.68375,0
4.0,9.153333333333332,0.570055,34.73,3320538.5,1708758367.82375,0
4.0,24.308888888888887,,,3320218.6666666665,1708758367.96375,0
4.0,30.90555555555555,0.567493,34.73,3319866.3333333335,1708758368.10375,0
4.0,16.573333333333338,,,3319734.0,1708758368.24375,0
4.0,-3.341111111111111,0.568774,34.71,3319101.0,1708758368.38375,0
4.0,-32.58222222222222,0.567493,34.71,3318082.0,1708758368.52375,0
4.0,-70.0688888888889,,,3318251.6666666665,1708758368.66375,0
4.0,-18.37222222222222,0.570055,34.71,3318567.0,1708758368.80375,0
4.0,24.840000000000003,,,3318714.0,1708758368.94375,0
4.0,37.28222222222222,0.570055,34.71,3319339.0,1708758369.08375,0
4.0,32.898888888888884,,,3319790.0,1708758369.22375,0
4.0,10.075555555555555,0.570055,34.71,3319912.75,1708758369.36375,0
4.0,-19.86333333333333,0.568774,34.71,3319989.3333333335,1708758369.50375,0
4.0,-56.30777777777778,,,3320511.0,1708758369.64375,0
4.0,-7.829999999999998,0.567493,34.71,3321004.0,1708758369.78375,0
4.0,30.974444444444444,,,3321325.5,1708758369.92375,0
4.0,42.56222222222222,0.566212,34.71,3321303.6666666665,1708758370.06375,0
4.0,34.65222222222222,,,3321991.25,1708758370.20375,0
4.0,10.0125,0.564931,34.73,3321761.0,1708758370.34375,0
4.0,-22.27,,,3322169.0,1708758370.48375,0
4.0,-65.03,0.566212,34.73,3322625.0,1708758370.62375,0
4.0,-17.355555555555554,0.567493,34.73,3322763.5,1708758370.76375,0
4.0,28.768888888888892,,,3323190.0,1708758370.90375,0
4.0,41.73444444444444,0.567493,34.73,3323398.0,1708758371.04375,0
4.0,37.73333333333333,,,3323830.3333333335,1708758371.18375,0
4.0,14.458888888888888,0.567493,34.71,3323555.5,1708758371.32375,0
4.0,-14.963333333333331,,,3323234.3333333335,1708758371.46375,0
4.0,-55.58222222222222,0.567493,34.71,3323362.25,1708758371.60375,0
4.0,-38.988888888888894,,,3323585.3333333335,1708758371.74375,0
4.0,21.375555555555554,0.564931,34.71,3324560.5,1708758371.88375,0
4.0,36.574444444444445,0.564931,34.71,3324677.0,1708758372.02375,0
4.0,37.87444444444444,,,3324750.75,1708758372.16375,0
4.0,15.612222222222224,0.567493,34.71,3325221.0,1708758372.30375,0
4.0,-11.085555555555555,,,3325518.0,1708758372.44375,0
4.0,-49.1188888888889,0.567493,34.71,3325933.6666666665,1708758372.58375,0
4.0,-50.824444444444445,,,3326158.5,1708758372.72375,0
4.0,13.523333333333333,0.567493,34.71,3325938.3333333335,1708758372.86375,0
4.0,30.68,0.568774,34.71,3326940.0,1708758373.00375,0
4.0,36.73444444444445,,,3326918.6666666665,1708758373.14375,0
4.0,16.442222222222224,0.568774,34.73,3327118.5,1708758373.28375,0
4.0,-16.663333333333338,,,3327216.3333333335,1708758373.42375,0
4.0,-57.00444444444444,0.570055,34.73,3327160.75,1708758373.56375,0
4.0,-16.482222222222223,,,3327235.6666666665,1708758373.70375,0
4.0,23.333750000000002,0.571336,34.73,3327678.75,1708758373.84375,0
4.0,34.18555555555555,,,3327940.6666666665,1708758373.98375,0
4.0,29.17666666666667,0.573898,34.73,3328425.0,1708758374.12375,0
4.0,2.3655555555555554,0.57646,34.73,3328222.3333333335,1708758374.26375,0
4.0,-32.934444444444445,,,3328517.75,1708758374.40375,0
4.0,-52.16,0.577741,34.73,3328930.6666666665,1708758374.54375,0
4.0,12.427777777777777,,,3329253.75,1708758374.68375,0
4.0,33.41444444444445,0.579022,34.73,3329192.0,1708758374.82375,0
4.0,40.96111111111111,,,3329701.75,1708758374.96375,0
4.0,22.526666666666667,0.579022,34.73,3329738.3333333335,1708758375.10375,0
4.0,-4.202222222222222,,,3329807.25,1708758375.24375,0
4.0,-38.614444444444445,0.577741,34.73,3330044.3333333335,1708758375.38375,0
4.0,-60.31444444444445,0.575179,34.73,3330178.25,1708758375.52375,0
4.0,9.186666666666667,,,3330510.3333333335,1708758375.66375,0
4.0,30.193333333333335,0.573898,34.73,3330845.25,1708758375.80375,0
4.0,37.60444444444445,,,3331071.6666666665,1708758375.94375,0
4.0,21.637777777777778,0.573898,34.73,3331389.0,1708758376.08375,0
4.0,-1.0977777777777777,,,3331417.0,1708758376.22375,0
4.0,-33.82888888888888,0.572617,34.73,3331337.75,1708758376.36375,0
4.0,-60.82111111111111,0.573898,34.73,3331382.3333333335,1708758376.50375,0
4.0,8.676666666666666,,,3332053.5,1708758376.64375,0
4.0,28.39111111111111,0.572617,34.73,3332032.6666666665,1708758376.78375,0
4.0,36.69444444444444,,,3332156.75,1708758376.92375,0
4.0,24.866666666666664,0.573898,34.73,3332085.0,1708758377.06375,0
4.0,2.3500000000000005,,,3332455.25,1708758377.20375,0
4.0,-27.784999999999997,0.572617,34.71,3332871.6666666665,1708758377.34375,0
4.0,-61.103333333333325,,,3333155.0,1708758377.48375,0
4.0,-8.398888888888887,0.571336,34.71,3333424.3333333335,1708758377.62375,0
4.0,21.266666666666666,0.571336,34.71,3333347.25,1708758377.76375,0
4.0,33.92555555555556,,,3333587.6666666665,1708758377.90375,0
4.0,28.38111111111111,0.568774,34.71,3333646.0,1708758378.04375,0
4.0,3.9211111111111117,,,3333865.3333333335,1708758378.18375,0
4.0,-27.01111111111111,0.571336,34.71,3334341.25,1708758378.32375,0
4.0,-60.111111111111114,,,3334672.3333333335,1708758378.46375,0
4.0,0.41111111111111026,0.571336,34.71,3334975.0,1708758378.60375,0
4.0,23.921111111111113,,,3335276.6666666665,1708758378.74375,0
4.0,33.81777777777778,0.570055,34.71,3335181.5,1708758378.88375,0
4.0,20.912222222222223,0.568774,34.71,3335514.6666666665,1708758379.02375,0
4.0,-5.276666666666667,,,3336009.0,1708758379.16375,0
4.0,-37.775555555555556,0.567493,34.73,3336062.3333333335,1708758379.30375,0
4.0,-58.67444444444445,,,3336407.75,1708758379.44375,0
4.0,10.286666666666667,0.566212,34.73,3336317.6666666665,1708758379.58375,0
4.0,29.372222222222224,,,3336839.75,1708758379.72375,0
4.0,35.74,0.567493,34.73,3336974.6666666665,1708758379.86375,0
4.0,19.614444444444445,0.567493,34.73,3337231.75,1708758380.00375,0
4.0,-5.806666666666666,,,3337513.0,1708758380.14375,0
4.0,-39.29666666666667,0.568774,34.71,3337879.0,1708758380.28375,0
4.0,-63.050000000000004,,,3338295.5,1708758380.42375,0
4.0,7.795555555555556,0.568774,34.71,3338034.6666666665,1708758380.56375,0
4.0,30.313333333333333,,,3338419.0,1708758380.70375,0
4.0,40.050000000000004,0.570055,34.71,3338211.0,1708758380.84375,0
4.0,23.96333333333333,,,3338463.5,1708758380.98375,0
4.0,-3.5955555555555554,0.568774,34.71,3338171.3333333335,1708758381.12375,0
4.0,-34.376666666666665,0.567493,34.73,3338641.25,1708758381.26375,0
4.0,-64.53777777777776,,,3338933.3333333335,1708758381.40375,0
4.0,2.7966666666666664,0.566212,34.73,3339052.5,1708758381.54375,0
4.0,31.082222222222224,,,3339381.6666666665,1708758381.68375,0
4.0,38.98444444444444,0.566212,34.73,3339482.5,1708758381.82375,0
4.0,24.032222222222217,,,3339524.6666666665,1708758381.96375,0
4.0,-0.012222222222222159,0.568774,34.73,3339477.0,1708758382.10375,0
4.0,-27.275555555555556,,,3339500.6666666665,1708758382.24375,0
4.0,-61.053333333333335,0.568774,34.68,3340130.75,1708758382.38375,0
4.0,0.2411111111111117,0.568774,34.68,3340252.3333333335,1708758382.52375,0
4.0,28.62111111111111,,,3340401.0,1708758382.66375,0
4.0,36.28111111111111,0.567493,34.68,3340537.0,1708758382.80375,0
4.0,23.175555555555558,,,3340740.0,1708758382.94375,0
4.0,0.8322222222222219,0.566212,34.68,3340872.3333333335,1708758383.08375,0
4.0,-26.13222222222222,,,3341156.25,1708758383.22375,0
4.0,-57.93111111111111,0.567493,34.73,3340940.0,1708758383.36375,0
4.0,2.8177777777777777,0.567493,34.73,3341454.5,1708758383.50375,0
4.0,21.694444444444443,,,3341238.3333333335,1708758383.64375,0
4.0,29.946666666666665,0.567493,34.73,3341460.25,1708758383.78375,0
4.0,17.907777777777778,,,3341888.0,1708758383.92375,0
4.0,-8.034444444444444,0.570055,34.73,3341981.25,1708758384.06375,0
4.0,-42.16444444444444,,,3341935.0,1708758384.20375,0
4.0,-41.9075,0.568774,34.73,3341898.25,1708758384.34375,0
4.0,21.13111111111111,,,3341949.3333333335,1708758384.48375,0
4.0,38.163333333333334,0.567493,34.73,3342281.0,1708758384.62375,0
4.0,38.25222222222222,0.566212,34.73,3342033.0,1708758384.76375,0
4.0,16.747777777777777,,,3342433.0,1708758384.90375,0
4.0,-9.824444444444445,0.566212,34.73,3342501.0,1708758385.04375,0
4.0,-50.28777777777778,,,3342708.0,1708758385.18375,0
4.0,-39.38111111111111,0.566212,34.75,3342946.6666666665,1708758385.32375,0
4.0,23.905555555555555,,,3343304.0,1708758385.46375,0
4.0,37.98222222222223,0.567493,34.75,3342977.0,1708758385.60375,0
4.0,33.93888888888889,,,3342585.0,1708758385.74375,0
4.0,12.34888888888889,0.567493,34.75,3342459.3333333335,1708758385.88375,0
4.0,-13.34,0.567493,34.75,3342555.75,1708758386.02375,0
4.0,-52.75555555555556,,,3343068.3333333335,1708758386.16375,0
4.0,-21.884444444444444,0.568774,34.73,3343624.5,1708758386.30375,0
4.0,29.575555555555557,,,3343785.3333333335,1708758386.44375,0
4.0,38.845555555555556,0.564931,34.73,3343999.0,1708758386.58375,0
4.0,34.647777777777776,,,3344193.0,1708758386.72375,0
4.0,14.484444444444442,0.564931,34.73,3344279.5,1708758386.86375,0
4.0,-9.455555555555556,0.56365,34.73,3344432.6666666665,1708758387.00375,0
4.0,-46.71111111111111,,,3344656.75,1708758387.14375,0
4.0,-58.25111111111111,0.564931,34.73,3344888.0,1708758387.28375,0
4.0,15.241111111111113,,,3344364.0,1708758387.42375,0
4.0,35.72555555555555,0.567493,34.73,3344254.0,1708758387.56375,0
4.0,35.764444444444436,,,3344243.0,1708758387.70375,0
4.0,16.5225,0.567493,34.73,3344252.3333333335,1708758387.84375,0
4.0,-4.3133333333333335,,,3344453.0,1708758387.98375,0
4.0,-34.54888888888889,0.567493,34.73,3344879.6666666665,1708758388.12375,0
4.0,-52.69777777777777,0.566212,34.73,3345198.6666666665,1708758388.26375,0
4.0,14.67,,,3345076.25,1708758388.40375,0
4.0,33.309999999999995,0.566212,34.73,3345562.25,1708758388.54375,0
4.0,33.41444444444444,,,3345689.3333333335,1708758388.68375,0
4.0,17.96,0.564931,34.73,3345644.5,1708758388.82375,0
4.0,-4.713333333333334,,,3345858.6666666665,1708758388.96375,0
4.0,-37.76111111111111,0.566212,34.73,3346014.0,1708758389.10375,0
4.0,-71.74888888888889,,,3345783.75,1708758389.24375,0
4.0,-3.9833333333333343,0.566212,34.71,3346199.25,1708758389.38375,0
4.0,34.742222222222225,0.566212,34.71,3345877.3333333335,1708758389.52375,0
4.0,41.675555555555555,,,3345982.75,1708758389.66375,0
4.0,26.166666666666664,0.564931,34.71,3345689.6666666665,1708758389.80375,0
4.0,0.844444444444444,,,3346011.0,1708758389.94375,0
4.0,-28.653333333333332,0.564931,34.71,3345782.0,1708758390.08375,0
4.0,-60.114444444444445,,,3346368.0,1708758390.22375,0
4.0,-1.1044444444444446,0.566212,34.71,3346733.6666666665,1708758390.36375,0
4.0,27.243333333333332,0.564931,34.71,3346840.5,1708758390.50375,0
4.0,32.801111111111105,,,3347150.0,1708758390.64375,0
4.0,21.176666666666666,0.566212,34.71,3346879.6666666665,1708758390.78375,0
4.0,3.1100000000000003,,,3346875.25,1708758390.92375,0
4.0,-21.86888888888889,0.567493,34.71,3347116.0,1708758391.06375,0
4.0,-57.88444444444445,,,3347083.3333333335,1708758391.20375,0
4.0,-15.6625,0.567493,34.73,3347200.0,1708758391.34375,0
4.0,29.202222222222222,,,3347309.6666666665,1708758391.48375,0
4.0,33.56444444444445,0.56365,34.73,3347440.0,1708758391.62375,0
4.0,24.76777777777778,0.564931,34.73,3347311.75,1708758391.76375,0
4.0,2.4577777777777774,,,3347025.0,1708758391.90375,0
4.0,-22.685555555555553,0.564931,34.73,3347716.0,1708758392.04375,0
4.0,-61.18444444444445,,,3348062.0,1708758392.18375,0
4.0,-33.52888888888888,0.56365,34.73,3348295.6666666665,1708758392.32375,0
4.0,21.711111111111112,,,3348489.5,1708758392.46375,0
4.0,35.84888888888889,0.564931,34.73,3348815.0,1708758392.60375,0
4.0,31.404444444444444,,,3348674.75,1708758392.74375,0
4.0,8.222222222222221,0.564931,34.73,3348547.0,1708758392.88375,0
4.0,-23.326666666666668,0.562369,34.73,3348926.3333333335,1708758393.02375,0
4.0,-63.483333333333334,,,3348714.5,1708758393.16375,0
4.0,-4.73888888888889,0.561088,34.75,3348535.6666666665,1708758393.30375,0
4.0,31.63555555555556,,,3348253.0,1708758393.44375,0
4.0,36.867777777777775,0.559807,34.75,3349102.6666666665,1708758393.58375,0
4.0,23.39666666666667,,,3349677.0,1708758393.72375,0
4.0,0.8688888888888889,0.562369,34.75,3349785.0,1708758393.86375,0
4.0,-30.854444444444443,0.56365,34.75,3350096.0,1708758394.00375,0
4.0,-60.126666666666665,,,3349649.0,1708758394.14375,0
4.0,13.054444444444442,0.56365,34.75,3349631.25,1708758394.28375,0
4.0,47.86222222222222,,,3349642.0,1708758394.42375,0
4.0,44.34888888888889,0.562369,34.75,3349807.5,1708758394.56375,0
4.0,25.533333333333335,,,3349851.6666666665,1708758394.70375,0
4.0,2.0612500000000002,0.561088,34.75,3349832.0,1708758394.84375,0
4.0,-27.128888888888888,,,3350188.6666666665,1708758394.98375,0
4.0,-67.21555555555557,0.55084,34.75,3350412.5,1708758395.12375,0
4.0,-22.621111111111116,0.520095,34.73,3350980.0,1708758395.26375,0
4.0,27.04888888888889,,,3350851.5,1708758395.40375,0
